source,n,tau,n_samples,mean_action_current,mean_heat_current,heat_on_action_slope,heat_on_action_intercept,pearson_correlation,residual_variance,heat_variance,residual_variance_fraction
/Users/jayleenjiang/Documents/NLS/experiments/entropy_ft_2026-08-26/production/n10_blocks.csv,10,20.0,1000064,0.39809034486248035,3.2121209025957507,6.289516366059804,0.7083251634127935,0.8087361856548019,0.9239814976077786,2.6708852821750724,0.3459457820125174
/Users/jayleenjiang/Documents/NLS/experiments/entropy_ft_2026-08-26/production/n10_blocks.csv,10,40.0,499968,0.39808917164341345,3.2121237010991375,7.140778882021931,0.36945695106622556,0.8734164392549443,0.31272566675318336,1.3187178726642683,0.2371437236392109
/Users/jayleenjiang/Documents/NLS/experiments/entropy_ft_2026-08-26/production/n10_blocks.csv,10,60.0,333312,0.39808917164341345,3.2121237010991375,7.4649379328427505,0.24041274304424462,0.8973051851194727,0.1704847943584407,0.8749836545427182,0.19484340475770262
/Users/jayleenjiang/Documents/NLS/experiments/entropy_ft_2026-08-26/production/n10_blocks.csv,10,80.0,249984,0.39808917164341345,3.212123701099138,7.644307923574699,0.1690074920161084,0.9101128149903996,0.11235785166216705,0.654405029550294,0.17169466399024955
/Users/jayleenjiang/Documents/NLS/experiments/entropy_ft_2026-08-26/production/n10_blocks.csv,10,100.0,199936,0.3980933438737143,3.212162020577116,7.7463601965225415,0.1283875870931898,0.9180957779056764,0.08252670583878281,0.5253127366869126,0.15710014259176222
/Users/jayleenjiang/Documents/NLS/experiments/entropy_ft_2026-08-26/production/n10_blocks.csv,10,120.0,166656,0.39808917164341345,3.2121237010991375,7.82266796784666,0.0980042897375947,0.9228010338682506,0.06456178106955973,0.43494032196410515,0.14843825189168802
/Users/jayleenjiang/Documents/NLS/experiments/entropy_ft_2026-08-26/production/n10_blocks.csv,10,140.0,142848,0.39808917164341356,3.2121237010991384,7.883751383647142,0.07368764334044749,0.9276052292988538,0.05216641417296123,0.37382271935450956,0.13954853857742644
/Users/jayleenjiang/Documents/NLS/experiments/entropy_ft_2026-08-26/production/n10_blocks.csv,10,160.0,124928,0.3980926487683461,3.212172304442718,7.9184545148594205,0.05989377247065822,0.9297554708123097,0.044068684813713566,0.3250987523605272,0.1355547644945816
/Users/jayleenjiang/Documents/NLS/experiments/entropy_ft_2026-08-26/production/n10_blocks.csv,10,180.0,111104,0.3980891716434135,3.212123701099139,7.952376597566618,0.0463686887773715,0.9320961871188853,0.03822262143460135,0.29133828845838533,0.13119669795843214
/Users/jayleenjiang/Documents/NLS/experiments/entropy_ft_2026-08-26/production/n10_blocks.csv,10,200.0,99968,0.3980933438737143,3.212162020577116,7.96914493359987,0.03969846614607533,0.9336440614856814,0.033441427144118456,0.2606324421059254,0.12830876645251746
/Users/jayleenjiang/Documents/NLS/experiments/entropy_ft_2026-08-26/production/n20_blocks.csv,20,20.0,1000064,0.1197866996395881,1.4069133971213776,5.093911462811402,0.7967305547349269,0.5396914385013944,0.976003622772668,1.3771101593155586,0.7087331512082913
/Users/jayleenjiang/Documents/NLS/experiments/entropy_ft_2026-08-26/production/n20_blocks.csv,20,40.0,499968,0.11978675279213845,1.4069236430739207,7.240808408092007,0.5395707162785697,0.6984916708687445,0.3175194842705004,0.6200227785705408,0.5121093857269888
/Users/jayleenjiang/Documents/NLS/experiments/entropy_ft_2026-08-26/production/n20_blocks.csv,20,60.0,333312,0.11978675279213845,1.4069236430739207,8.321339335191922,0.4101374252297893,0.7677673825935455,0.16362984731870087,0.39857879677993163,0.410533246225454
/Users/jayleenjiang/Documents/NLS/experiments/entropy_ft_2026-08-26/production/n20_blocks.csv,20,80.0,249984,0.11978675279213846,1.4069236430739207,9.021764179053394,0.32623580760868226,0.8098505731480511,0.10082120898656723,0.2929639351808599,0.3441420491717717
/Users/jayleenjiang/Documents/NLS/experiments/entropy_ft_2026-08-26/production/n20_blocks.csv,20,100.0,199936,0.11978791485350138,1.4069434021088316,9.470173039277313,0.27253112043195166,0.8364310849170908,0.0696790974210631,0.23196748184679486,0.300383040184414
/Users/jayleenjiang/Documents/NLS/experiments/entropy_ft_2026-08-26/production/n20_blocks.csv,20,120.0,166656,0.11978675279213845,1.4069236430739207,9.786550331210163,0.2346245578614299,0.8549127094489162,0.05166056874253497,0.19195805272903443,0.2691242592227083
/Users/jayleenjiang/Documents/NLS/experiments/entropy_ft_2026-08-26/production/n20_blocks.csv,20,140.0,142848,0.11978675279213843,1.4069236430739207,10.04970479324567,0.20310213937143748,0.8696830820124293,0.03995067642855769,0.16396658004503084,0.24365133686136445
/Users/jayleenjiang/Documents/NLS/experiments/entropy_ft_2026-08-26/production/n20_blocks.csv,20,160.0,124928,0.11978923324219184,1.4069469238144872,10.254514350595501,0.17856651248559596,0.8804632129229089,0.032085823468299544,0.14274035392864798,0.22478453068946694
/Users/jayleenjiang/Documents/NLS/experiments/entropy_ft_2026-08-26/production/n20_blocks.csv,20,180.0,111104,0.11978675279213845,1.4069236430739207,10.38652063131402,0.16275606384026223,0.888205322655431,0.026737808209238805,0.12666465932237456,0.21109130480656282
/Users/jayleenjiang/Documents/NLS/experiments/entropy_ft_2026-08-26/production/n20_blocks.csv,20,200.0,99968,0.11978791485350138,1.4069434021088316,10.522387127802741,0.14648858878801832,0.8960168525446809,0.022311435604631034,0.11316766711886371,0.19715379995592383
/Users/jayleenjiang/Documents/NLS/experiments/entropy_ft_2026-08-26/production/n30_blocks.csv,30,20.0,1000064,0.05426050419513707,0.795948701200249,2.8357086546084376,0.6420817198506795,0.2647295086106667,0.9736485753069348,1.0470259469404817,0.9299182872707566
/Users/jayleenjiang/Documents/NLS/experiments/entropy_ft_2026-08-26/production/n30_blocks.csv,30,40.0,499968,0.05426098571770842,0.7959488400759613,5.31632734587757,0.5074796778906364,0.46681829096799443,0.323811000340423,0.4140378445458652,0.7820806832177215
/Users/jayleenjiang/Documents/NLS/experiments/entropy_ft_2026-08-26/production/n30_blocks.csv,30,60.0,333312,0.054260985717708425,0.7959488400759615,6.891962430419938,0.4219841650719652,0.57424672465943,0.16781883118853344,0.25038591566336704,0.6702406992179166
/Users/jayleenjiang/Documents/NLS/experiments/entropy_ft_2026-08-26/production/n30_blocks.csv,30,80.0,249984,0.05426098571770842,0.7959488400759613,8.005704288813519,0.3615514340004536,0.6424395226040517,0.10477643352874048,0.17841226877445604,0.5872714597962767
/Users/jayleenjiang/Documents/NLS/experiments/entropy_ft_2026-08-26/production/n30_blocks.csv,30,100.0,199936,0.05426065269138891,0.7959593714318859,8.84503286367997,0.31602211517182593,0.6886526789932121,0.07264937795049477,0.13818039618640837,0.5257574877154728
/Users/jayleenjiang/Documents/NLS/experiments/entropy_ft_2026-08-26/production/n30_blocks.csv,30,120.0,166656,0.054260985717708425,0.7959488400759615,9.461623228844754,0.2825518371892788,0.7210278534060384,0.0540484429350296,0.11257305283312018,0.4801188346126825
/Users/jayleenjiang/Documents/NLS/experiments/entropy_ft_2026-08-26/production/n30_blocks.csv,30,140.0,142848,0.05426098571770842,0.7959488400759613,10.01690455631496,0.25242172501010784,0.7492673560404789,0.041462101880936644,0.09453317459253076,0.43859842917210823
/Users/jayleenjiang/Documents/NLS/experiments/entropy_ft_2026-08-26/production/n30_blocks.csv,30,160.0,124928,0.05426158230814064,0.7959506776933334,10.451146048643823,0.2288549561604474,0.7714432382426345,0.033229864936788145,0.0820743138952391,0.4048753301697197
/Users/jayleenjiang/Documents/NLS/experiments/entropy_ft_2026-08-26/production/n30_blocks.csv,30,180.0,111104,0.05426098571770841,0.7959488400759612,10.80973664590904,0.20940187432010288,0.7895942699699848,0.027030022790587225,0.07178509317948202,0.3765408888305669
/Users/jayleenjiang/Documents/NLS/experiments/entropy_ft_2026-08-26/production/n30_blocks.csv,30,200.0,99968,0.05426065269138891,0.7959593714318859,11.120655777527467,0.1925453305869795,0.8033698049627881,0.022878752151570887,0.06452044140216665,0.35459695647405476
/Users/jayleenjiang/Documents/NLS/experiments/entropy_ft_2026-08-26/production/n40_blocks.csv,40,20.0,1000064,0.03051862827008755,0.5229449840788842,1.2232094994731424,0.4856143080680229,0.10064222745106137,0.9173177855284387,0.9267042411452431,0.9898711420536886
/Users/jayleenjiang/Documents/NLS/experiments/entropy_ft_2026-08-26/production/n40_blocks.csv,40,40.0,499968,0.03051958681978504,0.5229514852283311,3.309894440530732,0.4219348744862329,0.26471162397769304,0.3221059840414125,0.34637742762030727,0.9299277561310932
/Users/jayleenjiang/Documents/NLS/experiments/entropy_ft_2026-08-26/production/n40_blocks.csv,40,60.0,333312,0.030519586819785043,0.5229514852283311,4.916269089222087,0.3729089839303926,0.3822003483990663,0.16851549204700803,0.19734274990575507,0.8539228936836338
/Users/jayleenjiang/Documents/NLS/experiments/entropy_ft_2026-08-26/production/n40_blocks.csv,40,80.0,249984,0.03051958681978504,0.5229514852283311,6.1604785887329045,0.33493622408807133,0.4655632862582891,0.10546314032794783,0.13464797835040923,0.7832508264883823
/Users/jayleenjiang/Documents/NLS/experiments/entropy_ft_2026-08-26/production/n40_blocks.csv,40,100.0,199936,0.030520771371975303,0.5229615895165683,7.154061054954283,0.3046141276771564,0.5250535157438508,0.07371019781748628,0.10176485443577069,0.7243188056050213
/Users/jayleenjiang/Documents/NLS/experiments/entropy_ft_2026-08-26/production/n40_blocks.csv,40,120.0,166656,0.030519586819785043,0.5229514852283311,7.948846109831936,0.2803559862622056,0.5718202383534988,0.05438469118918172,0.0808067526752856,0.6730216150093487
/Users/jayleenjiang/Documents/NLS/experiments/entropy_ft_2026-08-26/production/n40_blocks.csv,40,140.0,142848,0.030519586819785043,0.5229514852283311,8.654839746452474,0.2588093521751485,0.6084597630693759,0.04239293255689009,0.06731422650444531,0.6297767167255578
/Users/jayleenjiang/Documents/NLS/experiments/entropy_ft_2026-08-26/production/n40_blocks.csv,40,160.0,124928,0.030520774349722005,0.5229522122235897,9.236294439164586,0.24105335381825613,0.6387419823691765,0.03400365997393612,0.05743777266286981,0.5920086799590945
/Users/jayleenjiang/Documents/NLS/experiments/entropy_ft_2026-08-26/production/n40_blocks.csv,40,180.0,111104,0.030519586819785043,0.5229514852283311,9.752994008819867,0.22529413782330932,0.6623745547304137,0.028042136196669863,0.049962831366032245,0.5612599492456827
/Users/jayleenjiang/Documents/NLS/experiments/entropy_ft_2026-08-26/production/n40_blocks.csv,40,200.0,99968,0.030520771371975303,0.5229615895165683,10.199918395034691,0.21165221216890961,0.6831043160044588,0.023593520972416477,0.04423493562496935,0.5333684934560775
