source,n,tau,observable,first_quarter_mean,last_quarter_mean,last_minus_first,paired_se,paired_z
/Users/jayleenjiang/Documents/NLS/experiments/entropy_ft_2026-08-26/production/n10_blocks.csv,10,20.0,entropy_rate,1.2857056812933574,1.286024096747193,0.00031841545383557053,0.0017914940866675991,0.17773737362865802
/Users/jayleenjiang/Documents/NLS/experiments/entropy_ft_2026-08-26/production/n10_blocks.csv,10,20.0,action_current,0.39838482500778405,0.39840863206462884,2.3807056844820772e-05,0.0005231679875792633,0.04550556878485201
/Users/jayleenjiang/Documents/NLS/experiments/entropy_ft_2026-08-26/production/n10_blocks.csv,10,20.0,heat_current,3.214217099632333,3.215031512680051,0.0008144130477176423,0.004475631529164096,0.18196606275801896
/Users/jayleenjiang/Documents/NLS/experiments/entropy_ft_2026-08-26/production/n10_blocks.csv,10,40.0,entropy_rate,1.2856916582625373,1.2860279462694109,0.00033628800687360814,0.001793563527215516,0.18749712612392988
/Users/jayleenjiang/Documents/NLS/experiments/entropy_ft_2026-08-26/production/n10_blocks.csv,10,40.0,action_current,0.3983809182332173,0.3984040998411922,2.3181607974870257e-05,0.0005249779746506842,0.04415729629475427
/Users/jayleenjiang/Documents/NLS/experiments/entropy_ft_2026-08-26/production/n10_blocks.csv,10,40.0,heat_current,3.2142167172038434,3.2150442035194704,0.0008274863156269123,0.004481523908083334,0.18464395875125728
/Users/jayleenjiang/Documents/NLS/experiments/entropy_ft_2026-08-26/production/n10_blocks.csv,10,60.0,entropy_rate,1.2857056812933574,1.2860081371077516,0.0003024558143943073,0.001795208112718423,0.168479527388225
/Users/jayleenjiang/Documents/NLS/experiments/entropy_ft_2026-08-26/production/n10_blocks.csv,10,60.0,action_current,0.39838482500778405,0.3983978318439305,1.3006836146481349e-05,0.0005247268934602009,0.024787820690322367
/Users/jayleenjiang/Documents/NLS/experiments/entropy_ft_2026-08-26/production/n10_blocks.csv,10,60.0,heat_current,3.214217099632333,3.215008409332305,0.0007913096999719663,0.004480222517367706,0.17662285676758965
/Users/jayleenjiang/Documents/NLS/experiments/entropy_ft_2026-08-26/production/n10_blocks.csv,10,80.0,entropy_rate,1.2856916582625373,1.286027946269411,0.0003362880068736411,0.0017935635272155173,0.18749712612394812
/Users/jayleenjiang/Documents/NLS/experiments/entropy_ft_2026-08-26/production/n10_blocks.csv,10,80.0,action_current,0.3983809182332173,0.3984040998411921,2.3181607974862017e-05,0.0005249779746506842,0.04415729629473857
/Users/jayleenjiang/Documents/NLS/experiments/entropy_ft_2026-08-26/production/n10_blocks.csv,10,80.0,heat_current,3.214216717203843,3.2150442035194704,0.0008274863156269505,0.004481523908083337,0.18464395875126563
/Users/jayleenjiang/Documents/NLS/experiments/entropy_ft_2026-08-26/production/n10_blocks.csv,10,100.0,entropy_rate,1.2857050149669629,1.2860915963476014,0.00038658138063869807,0.001799388834381522,0.2148403798290613
/Users/jayleenjiang/Documents/NLS/experiments/entropy_ft_2026-08-26/production/n10_blocks.csv,10,100.0,action_current,0.39837901285744526,0.3984211331617279,4.212030428265255e-05,0.0005263055401883032,0.08003013661528743
/Users/jayleenjiang/Documents/NLS/experiments/entropy_ft_2026-08-26/production/n10_blocks.csv,10,100.0,heat_current,3.214247470723543,3.2152006733286256,0.0009532026050822519,0.004489610396674149,0.21231298951650085
/Users/jayleenjiang/Documents/NLS/experiments/entropy_ft_2026-08-26/production/n10_blocks.csv,10,120.0,entropy_rate,1.2857050149669629,1.2860280562849489,0.0003230413179860694,0.001797049780474792,0.17976203079956962
/Users/jayleenjiang/Documents/NLS/experiments/entropy_ft_2026-08-26/production/n10_blocks.csv,10,120.0,action_current,0.39837901285744526,0.39841216567211146,3.315281466614991e-05,0.0005262811453413745,0.06299449440592289
/Users/jayleenjiang/Documents/NLS/experiments/entropy_ft_2026-08-26/production/n10_blocks.csv,10,120.0,heat_current,3.2142474707235436,3.2150680261661564,0.0008205554426134777,0.004486916804109527,0.18287734728264593
/Users/jayleenjiang/Documents/NLS/experiments/entropy_ft_2026-08-26/production/n10_blocks.csv,10,140.0,entropy_rate,1.2857056812933574,1.2860081371077519,0.00030245581439432637,0.0017952081127184266,0.1684795273882353
/Users/jayleenjiang/Documents/NLS/experiments/entropy_ft_2026-08-26/production/n10_blocks.csv,10,140.0,action_current,0.398384825007784,0.3983978318439305,1.3006836146491757e-05,0.000524726893460201,0.0247878206903422
/Users/jayleenjiang/Documents/NLS/experiments/entropy_ft_2026-08-26/production/n10_blocks.csv,10,140.0,heat_current,3.214217099632333,3.215008409332306,0.0007913096999719975,0.0044802225173677015,0.1766228567675968
/Users/jayleenjiang/Documents/NLS/experiments/entropy_ft_2026-08-26/production/n10_blocks.csv,10,160.0,entropy_rate,1.285691658262537,1.2860833650530679,0.00039170679053072803,0.0017982256408369105,0.21782961027539577
/Users/jayleenjiang/Documents/NLS/experiments/entropy_ft_2026-08-26/production/n10_blocks.csv,10,160.0,action_current,0.3983809182332173,0.3984180754951099,3.715726189255312e-05,0.0005256552437785058,0.07068751302747393
/Users/jayleenjiang/Documents/NLS/experiments/entropy_ft_2026-08-26/production/n10_blocks.csv,10,160.0,heat_current,3.214216717203843,3.2152535221789407,0.001036804975097505,0.004489483450912094,0.23094081678525072
/Users/jayleenjiang/Documents/NLS/experiments/entropy_ft_2026-08-26/production/n10_blocks.csv,10,180.0,entropy_rate,1.2857056812933574,1.2860081371077516,0.000302455814394309,0.001795208112718424,0.16847952738822589
/Users/jayleenjiang/Documents/NLS/experiments/entropy_ft_2026-08-26/production/n10_blocks.csv,10,180.0,action_current,0.39838482500778405,0.3983978318439305,1.3006836146486553e-05,0.0005247268934602014,0.024787820690332262
/Users/jayleenjiang/Documents/NLS/experiments/entropy_ft_2026-08-26/production/n10_blocks.csv,10,180.0,heat_current,3.214217099632333,3.2150084093323055,0.0007913096999720912,0.004480222517367706,0.17662285676761752
/Users/jayleenjiang/Documents/NLS/experiments/entropy_ft_2026-08-26/production/n10_blocks.csv,10,200.0,entropy_rate,1.2857050149669629,1.2860915963476014,0.0003865813806386738,0.0017993888343815195,0.2148403798290481
/Users/jayleenjiang/Documents/NLS/experiments/entropy_ft_2026-08-26/production/n10_blocks.csv,10,200.0,action_current,0.3983790128574452,0.39842113316172795,4.2120304282646914e-05,0.0005263055401883037,0.08003013661527664
/Users/jayleenjiang/Documents/NLS/experiments/entropy_ft_2026-08-26/production/n10_blocks.csv,10,200.0,heat_current,3.214247470723543,3.2152006733286256,0.0009532026050822762,0.004489610396674155,0.21231298951650598
/Users/jayleenjiang/Documents/NLS/experiments/entropy_ft_2026-08-26/production/n20_blocks.csv,20,20.0,entropy_rate,0.5621418566703716,0.5636135868121339,0.0014717301417621837,0.0012115461767168724,1.2147536511983181
/Users/jayleenjiang/Documents/NLS/experiments/entropy_ft_2026-08-26/production/n20_blocks.csv,20,20.0,action_current,0.11964083415983603,0.11995874708783036,0.0003179129279943214,0.0002540393905740353,1.2514316274966473
/Users/jayleenjiang/Documents/NLS/experiments/entropy_ft_2026-08-26/production/n20_blocks.csv,20,20.0,heat_current,1.4054853184131118,1.4091137531729334,0.0036284347598217973,0.0030329059997862744,1.196355825098928
/Users/jayleenjiang/Documents/NLS/experiments/entropy_ft_2026-08-26/production/n20_blocks.csv,20,40.0,entropy_rate,0.5621686979110607,0.5636679709847361,0.0014992730736755428,0.0012152573076654794,1.2337083383235607
/Users/jayleenjiang/Documents/NLS/experiments/entropy_ft_2026-08-26/production/n20_blocks.csv,20,40.0,action_current,0.11962652839156182,0.1199590479460125,0.0003325195544506783,0.00025399042335180587,1.309181464649557
/Users/jayleenjiang/Documents/NLS/experiments/entropy_ft_2026-08-26/production/n20_blocks.csv,20,40.0,heat_current,1.4053798596096592,1.4091558852104942,0.003776025600834964,0.003033138255041767,1.2449236676100566
/Users/jayleenjiang/Documents/NLS/experiments/entropy_ft_2026-08-26/production/n20_blocks.csv,20,60.0,entropy_rate,0.5621418566703716,0.5636767390065557,0.001534882336183989,0.0012079085910656371,1.2706941133930427
/Users/jayleenjiang/Documents/NLS/experiments/entropy_ft_2026-08-26/production/n20_blocks.csv,20,60.0,action_current,0.11964083415983603,0.11995199289552713,0.0003111587356910782,0.00025424863003569614,1.2238364299048219
/Users/jayleenjiang/Documents/NLS/experiments/entropy_ft_2026-08-26/production/n20_blocks.csv,20,60.0,heat_current,1.4054853184131118,1.409115063082245,0.0036297446691335375,0.00303290484120974,1.196788181354788
/Users/jayleenjiang/Documents/NLS/experiments/entropy_ft_2026-08-26/production/n20_blocks.csv,20,80.0,entropy_rate,0.5621686979110607,0.5636679709847361,0.0014992730736755428,0.0012152573076654799,1.2337083383235603
/Users/jayleenjiang/Documents/NLS/experiments/entropy_ft_2026-08-26/production/n20_blocks.csv,20,80.0,action_current,0.11962652839156182,0.1199590479460125,0.00033251955445067795,0.00025399042335180587,1.3091814646495559
/Users/jayleenjiang/Documents/NLS/experiments/entropy_ft_2026-08-26/production/n20_blocks.csv,20,80.0,heat_current,1.4053798596096592,1.4091558852104942,0.0037760256008349587,0.003033138255041766,1.2449236676100555
/Users/jayleenjiang/Documents/NLS/experiments/entropy_ft_2026-08-26/production/n20_blocks.csv,20,100.0,entropy_rate,0.5621110965302761,0.5636967265636279,0.0015856300333517955,0.0012136770276549782,1.3064678635431464
/Users/jayleenjiang/Documents/NLS/experiments/entropy_ft_2026-08-26/production/n20_blocks.csv,20,100.0,action_current,0.11963118039566117,0.11996387886373155,0.0003326984680703795,0.00025327807265272066,1.3135699612123757
/Users/jayleenjiang/Documents/NLS/experiments/entropy_ft_2026-08-26/production/n20_blocks.csv,20,100.0,heat_current,1.405427253251212,1.4092373121576365,0.003810058906424628,0.003026166256799565,1.2590381965510704
/Users/jayleenjiang/Documents/NLS/experiments/entropy_ft_2026-08-26/production/n20_blocks.csv,20,120.0,entropy_rate,0.562111096530276,0.5636839643200655,0.0015728677897894738,0.0012138588141420619,1.2957584287931825
/Users/jayleenjiang/Documents/NLS/experiments/entropy_ft_2026-08-26/production/n20_blocks.csv,20,120.0,action_current,0.11963118039566117,0.11995171686252651,0.0003205364668653369,0.00025317230084001785,1.2660803168506463
/Users/jayleenjiang/Documents/NLS/experiments/entropy_ft_2026-08-26/production/n20_blocks.csv,20,120.0,heat_current,1.405427253251212,1.4091794895772485,0.003752236326036584,0.003036891809941088,1.2355515312576686
/Users/jayleenjiang/Documents/NLS/experiments/entropy_ft_2026-08-26/production/n20_blocks.csv,20,140.0,entropy_rate,0.5621418566703716,0.5636767390065557,0.001534882336183989,0.0012079085910656371,1.2706941133930427
/Users/jayleenjiang/Documents/NLS/experiments/entropy_ft_2026-08-26/production/n20_blocks.csv,20,140.0,action_current,0.11964083415983603,0.11995199289552713,0.0003111587356910789,0.000254248630035696,1.2238364299048252
/Users/jayleenjiang/Documents/NLS/experiments/entropy_ft_2026-08-26/production/n20_blocks.csv,20,140.0,heat_current,1.4054853184131115,1.4091150630822453,0.0036297446691335652,0.0030329048412097367,1.1967881813547987
/Users/jayleenjiang/Documents/NLS/experiments/entropy_ft_2026-08-26/production/n20_blocks.csv,20,160.0,entropy_rate,0.5621686979110607,0.563686491150021,0.0015177932389603072,0.0012027500433783073,1.261935717497129
/Users/jayleenjiang/Documents/NLS/experiments/entropy_ft_2026-08-26/production/n20_blocks.csv,20,160.0,action_current,0.11962652839156182,0.11996070023107601,0.00033417183951416855,0.0002504672180828256,1.3341939199550783
/Users/jayleenjiang/Documents/NLS/experiments/entropy_ft_2026-08-26/production/n20_blocks.csv,20,160.0,heat_current,1.4053798596096592,1.4092541303796433,0.003874270769984159,0.003006504000231256,1.288629840401395
/Users/jayleenjiang/Documents/NLS/experiments/entropy_ft_2026-08-26/production/n20_blocks.csv,20,180.0,entropy_rate,0.5621418566703716,0.5636767390065557,0.0015348823361839813,0.0012079085910656376,1.2706941133930356
/Users/jayleenjiang/Documents/NLS/experiments/entropy_ft_2026-08-26/production/n20_blocks.csv,20,180.0,action_current,0.11964083415983603,0.1199519928955271,0.00031115873569107606,0.00025424863003569614,1.2238364299048134
/Users/jayleenjiang/Documents/NLS/experiments/entropy_ft_2026-08-26/production/n20_blocks.csv,20,180.0,heat_current,1.4054853184131118,1.409115063082245,0.0036297446691335323,0.0030329048412097385,1.1967881813547872
/Users/jayleenjiang/Documents/NLS/experiments/entropy_ft_2026-08-26/production/n20_blocks.csv,20,200.0,entropy_rate,0.5621110965302761,0.5636967265636279,0.001585630033351798,0.0012136770276549782,1.3064678635431486
/Users/jayleenjiang/Documents/NLS/experiments/entropy_ft_2026-08-26/production/n20_blocks.csv,20,200.0,action_current,0.11963118039566117,0.11996387886373155,0.0003326984680703819,0.00025327807265272055,1.3135699612123857
/Users/jayleenjiang/Documents/NLS/experiments/entropy_ft_2026-08-26/production/n20_blocks.csv,20,200.0,heat_current,1.405427253251212,1.4092373121576365,0.0038100589064246453,0.0030261662567995598,1.2590381965510784
/Users/jayleenjiang/Documents/NLS/experiments/entropy_ft_2026-08-26/production/n30_blocks.csv,30,20.0,entropy_rate,0.3189474518032155,0.31849869725182695,-0.000448754551388516,0.0008729141294225019,-0.5140878538481222
/Users/jayleenjiang/Documents/NLS/experiments/entropy_ft_2026-08-26/production/n30_blocks.csv,30,20.0,action_current,0.05435602536163059,0.05426412239105148,-9.19029705790957e-05,0.0001437396021916636,-0.639371260096793
/Users/jayleenjiang/Documents/NLS/experiments/entropy_ft_2026-08-26/production/n30_blocks.csv,30,20.0,heat_current,0.7973090587057914,0.796145342155374,-0.001163716550417344,0.00220133454333798,-0.5286413888970959
/Users/jayleenjiang/Documents/NLS/experiments/entropy_ft_2026-08-26/production/n30_blocks.csv,30,40.0,entropy_rate,0.31892788252352006,0.318495820767732,-0.00043206175578807933,0.000876021596188345,-0.49320902323415533
/Users/jayleenjiang/Documents/NLS/experiments/entropy_ft_2026-08-26/production/n30_blocks.csv,30,40.0,action_current,0.05436391251606685,0.05426605132164743,-9.786119441941929e-05,0.00014317845421354326,-0.6834910668435097
/Users/jayleenjiang/Documents/NLS/experiments/entropy_ft_2026-08-26/production/n30_blocks.csv,30,40.0,heat_current,0.7973659763454326,0.7961459986809989,-0.0012199776644336458,0.002199415145024755,-0.5546827606390401
/Users/jayleenjiang/Documents/NLS/experiments/entropy_ft_2026-08-26/production/n30_blocks.csv,30,60.0,entropy_rate,0.3189474518032155,0.3185057054156206,-0.0004417463875948202,0.0008754551172306851,-0.5045905596990401
/Users/jayleenjiang/Documents/NLS/experiments/entropy_ft_2026-08-26/production/n30_blocks.csv,30,60.0,action_current,0.05435602536163059,0.05426437942315265,-9.164593847793513e-05,0.00014286922029951531,-0.6414673383518565
/Users/jayleenjiang/Documents/NLS/experiments/entropy_ft_2026-08-26/production/n30_blocks.csv,30,60.0,heat_current,0.7973090587057914,0.7961839611513111,-0.0011250975544802857,0.002202994863256662,-0.5107127452930448
/Users/jayleenjiang/Documents/NLS/experiments/entropy_ft_2026-08-26/production/n30_blocks.csv,30,80.0,entropy_rate,0.31892788252352006,0.318495820767732,-0.00043206175578808367,0.0008760215961883454,-0.4932090232341601
/Users/jayleenjiang/Documents/NLS/experiments/entropy_ft_2026-08-26/production/n30_blocks.csv,30,80.0,action_current,0.05436391251606684,0.05426605132164743,-9.78611944194188e-05,0.0001431784542135433,-0.6834910668435061
/Users/jayleenjiang/Documents/NLS/experiments/entropy_ft_2026-08-26/production/n30_blocks.csv,30,80.0,heat_current,0.7973659763454326,0.7961459986809989,-0.0012199776644336415,0.0021994151450247554,-0.554682760639038
/Users/jayleenjiang/Documents/NLS/experiments/entropy_ft_2026-08-26/production/n30_blocks.csv,30,100.0,entropy_rate,0.31892155060229654,0.3185065241913178,-0.0004150264109787534,0.0008790593696920317,-0.4721255756868311
/Users/jayleenjiang/Documents/NLS/experiments/entropy_ft_2026-08-26/production/n30_blocks.csv,30,100.0,action_current,0.054364339965522195,0.05426472270403333,-9.961726148885496e-05,0.0001432053905464911,-0.6956250816306708
/Users/jayleenjiang/Documents/NLS/experiments/entropy_ft_2026-08-26/production/n30_blocks.csv,30,100.0,heat_current,0.7972012997432747,0.7961883803256045,-0.0010129194176701113,0.0021972865881792433,-0.46098648356537575
/Users/jayleenjiang/Documents/NLS/experiments/entropy_ft_2026-08-26/production/n30_blocks.csv,30,120.0,entropy_rate,0.31892155060229654,0.3184778250409933,-0.0004437255613032134,0.0008791998375326521,-0.5046924969281903
/Users/jayleenjiang/Documents/NLS/experiments/entropy_ft_2026-08-26/production/n30_blocks.csv,30,120.0,action_current,0.054364339965522195,0.05426726452588572,-9.707543963647242e-05,0.00014220637893945772,-0.682637729477669
/Users/jayleenjiang/Documents/NLS/experiments/entropy_ft_2026-08-26/production/n30_blocks.csv,30,120.0,heat_current,0.7972012997432747,0.7962116097156883,-0.0009896900275862437,0.002197439482842485,-0.45038329169640473
/Users/jayleenjiang/Documents/NLS/experiments/entropy_ft_2026-08-26/production/n30_blocks.csv,30,140.0,entropy_rate,0.3189474518032155,0.3185057054156206,-0.0004417463875948154,0.0008754551172306848,-0.5045905596990349
/Users/jayleenjiang/Documents/NLS/experiments/entropy_ft_2026-08-26/production/n30_blocks.csv,30,140.0,action_current,0.05435602536163058,0.05426437942315264,-9.16459384779361e-05,0.00014286922029951526,-0.6414673383518636
/Users/jayleenjiang/Documents/NLS/experiments/entropy_ft_2026-08-26/production/n30_blocks.csv,30,140.0,heat_current,0.7973090587057914,0.7961839611513111,-0.0011250975544802918,0.002202994863256663,-0.5107127452930473
/Users/jayleenjiang/Documents/NLS/experiments/entropy_ft_2026-08-26/production/n30_blocks.csv,30,160.0,entropy_rate,0.31892788252352006,0.31843018985895083,-0.000497692664569201,0.0008742790000017893,-0.5692606874558149
/Users/jayleenjiang/Documents/NLS/experiments/entropy_ft_2026-08-26/production/n30_blocks.csv,30,160.0,action_current,0.05436391251606684,0.05427630895069868,-8.760356536815746e-05,0.00014253078086359796,-0.6146290986225222
/Users/jayleenjiang/Documents/NLS/experiments/entropy_ft_2026-08-26/production/n30_blocks.csv,30,160.0,heat_current,0.7973659763454326,0.7962649695025763,-0.0011010068428563566,0.002193733806420079,-0.5018871659060007
/Users/jayleenjiang/Documents/NLS/experiments/entropy_ft_2026-08-26/production/n30_blocks.csv,30,180.0,entropy_rate,0.31894745180321543,0.3185057054156206,-0.000441746387594815,0.0008754551172306859,-0.5045905596990338
/Users/jayleenjiang/Documents/NLS/experiments/entropy_ft_2026-08-26/production/n30_blocks.csv,30,180.0,action_current,0.05435602536163059,0.05426437942315264,-9.164593847793594e-05,0.00014286922029951531,-0.6414673383518623
/Users/jayleenjiang/Documents/NLS/experiments/entropy_ft_2026-08-26/production/n30_blocks.csv,30,180.0,heat_current,0.7973090587057914,0.7961839611513111,-0.0011250975544802918,0.0022029948632566634,-0.5107127452930472
/Users/jayleenjiang/Documents/NLS/experiments/entropy_ft_2026-08-26/production/n30_blocks.csv,30,200.0,entropy_rate,0.31892155060229654,0.31850652419131786,-0.00041502641097875296,0.0008790593696920325,-0.4721255756868302
/Users/jayleenjiang/Documents/NLS/experiments/entropy_ft_2026-08-26/production/n30_blocks.csv,30,200.0,action_current,0.05436433996552219,0.05426472270403333,-9.961726148885583e-05,0.0001432053905464912,-0.6956250816306764
/Users/jayleenjiang/Documents/NLS/experiments/entropy_ft_2026-08-26/production/n30_blocks.csv,30,200.0,heat_current,0.7972012997432747,0.7961883803256045,-0.001012919417670113,0.002197286588179243,-0.46098648356537664
/Users/jayleenjiang/Documents/NLS/experiments/entropy_ft_2026-08-26/production/n40_blocks.csv,40,20.0,entropy_rate,0.20942668438338707,0.2089507651487687,-0.0004759192346183328,0.0007190028150751086,-0.6619156763226542
/Users/jayleenjiang/Documents/NLS/experiments/entropy_ft_2026-08-26/production/n40_blocks.csv,40,20.0,action_current,0.030549013604659885,0.03047031516265144,-7.869844200845128e-05,0.00010002981756562734,-0.7867498304374991
/Users/jayleenjiang/Documents/NLS/experiments/entropy_ft_2026-08-26/production/n40_blocks.csv,40,20.0,heat_current,0.5235749409609451,0.522270673144396,-0.001304267816549176,0.0017831773686572438,-0.7314290992439563
/Users/jayleenjiang/Documents/NLS/experiments/entropy_ft_2026-08-26/production/n40_blocks.csv,40,40.0,entropy_rate,0.20942564920852394,0.20897872660535272,-0.00044692260317121717,0.000719497072214198,-0.6211597245223619
/Users/jayleenjiang/Documents/NLS/experiments/entropy_ft_2026-08-26/production/n40_blocks.csv,40,40.0,action_current,0.03055290976858545,0.030474126575115244,-7.878319347020719e-05,9.981949058513388e-05,-0.7892566172035782
/Users/jayleenjiang/Documents/NLS/experiments/entropy_ft_2026-08-26/production/n40_blocks.csv,40,40.0,heat_current,0.5236207746736603,0.5222963456180357,-0.0013244290556246457,0.0017868472480601415,-0.741210003855947
/Users/jayleenjiang/Documents/NLS/experiments/entropy_ft_2026-08-26/production/n40_blocks.csv,40,60.0,entropy_rate,0.20942668438338705,0.208952005171827,-0.00047467921156008107,0.000719165094072456,-0.6600420619305768
/Users/jayleenjiang/Documents/NLS/experiments/entropy_ft_2026-08-26/production/n40_blocks.csv,40,60.0,action_current,0.030549013604659888,0.030474890275057218,-7.412332960267146e-05,9.978758028336414e-05,-0.7428111734164253
/Users/jayleenjiang/Documents/NLS/experiments/entropy_ft_2026-08-26/production/n40_blocks.csv,40,60.0,heat_current,0.5235749409609451,0.522311178580491,-0.001263762380454048,0.0017830970738768452,-0.7087456981275566
/Users/jayleenjiang/Documents/NLS/experiments/entropy_ft_2026-08-26/production/n40_blocks.csv,40,80.0,entropy_rate,0.20942564920852397,0.20897872660535272,-0.0004469226031712178,0.0007194970722141974,-0.6211597245223633
/Users/jayleenjiang/Documents/NLS/experiments/entropy_ft_2026-08-26/production/n40_blocks.csv,40,80.0,action_current,0.03055290976858545,0.030474126575115244,-7.878319347020722e-05,9.98194905851339e-05,-0.7892566172035783
/Users/jayleenjiang/Documents/NLS/experiments/entropy_ft_2026-08-26/production/n40_blocks.csv,40,80.0,heat_current,0.5236207746736603,0.5222963456180357,-0.001324429055624638,0.001786847248060142,-0.7412100038559425
/Users/jayleenjiang/Documents/NLS/experiments/entropy_ft_2026-08-26/production/n40_blocks.csv,40,100.0,entropy_rate,0.2094471436923478,0.20896909193057564,-0.00047805176177215833,0.0007187834384812078,-0.6650845528415117
/Users/jayleenjiang/Documents/NLS/experiments/entropy_ft_2026-08-26/production/n40_blocks.csv,40,100.0,action_current,0.030551140840786403,0.030478824232610936,-7.231660817546727e-05,0.0001000062405670863,-0.7231209549063666
/Users/jayleenjiang/Documents/NLS/experiments/entropy_ft_2026-08-26/production/n40_blocks.csv,40,100.0,heat_current,0.5236175038673859,0.5223361426497859,-0.001281361217600023,0.001789382090519997,-0.7160914510034342
/Users/jayleenjiang/Documents/NLS/experiments/entropy_ft_2026-08-26/production/n40_blocks.csv,40,120.0,entropy_rate,0.2094471436923478,0.20896913162663522,-0.0004780120657125824,0.0007229900490445744,-0.6611599514326256
/Users/jayleenjiang/Documents/NLS/experiments/entropy_ft_2026-08-26/production/n40_blocks.csv,40,120.0,action_current,0.030551140840786407,0.030463660055484523,-8.748078530187943e-05,0.00010053936910724684,-0.8701147230052974
/Users/jayleenjiang/Documents/NLS/experiments/entropy_ft_2026-08-26/production/n40_blocks.csv,40,120.0,heat_current,0.5236175038673859,0.52225836978984,-0.0013591340775460838,0.0017836908320239878,-0.7619785072303414
/Users/jayleenjiang/Documents/NLS/experiments/entropy_ft_2026-08-26/production/n40_blocks.csv,40,140.0,entropy_rate,0.20942668438338707,0.208952005171827,-0.00047467921156007977,0.0007191650940724555,-0.6600420619305755
/Users/jayleenjiang/Documents/NLS/experiments/entropy_ft_2026-08-26/production/n40_blocks.csv,40,140.0,action_current,0.030549013604659885,0.030474890275057214,-7.412332960267113e-05,9.978758028336411e-05,-0.7428111734164222
/Users/jayleenjiang/Documents/NLS/experiments/entropy_ft_2026-08-26/production/n40_blocks.csv,40,140.0,heat_current,0.5235749409609451,0.522311178580491,-0.001263762380454044,0.0017830970738768458,-0.7087456981275541
/Users/jayleenjiang/Documents/NLS/experiments/entropy_ft_2026-08-26/production/n40_blocks.csv,40,160.0,entropy_rate,0.20942564920852394,0.2088889021216872,-0.0005367470868367123,0.0007246220408564469,-0.7407269674026462
/Users/jayleenjiang/Documents/NLS/experiments/entropy_ft_2026-08-26/production/n40_blocks.csv,40,160.0,action_current,0.03055290976858545,0.030474718721377827,-7.819104720762396e-05,9.993371554557484e-05,-0.7824291009370594
/Users/jayleenjiang/Documents/NLS/experiments/entropy_ft_2026-08-26/production/n40_blocks.csv,40,160.0,heat_current,0.5236207746736604,0.5222895559684203,-0.0013312187052401158,0.0017842372065410568,-0.7460996219335836
/Users/jayleenjiang/Documents/NLS/experiments/entropy_ft_2026-08-26/production/n40_blocks.csv,40,180.0,entropy_rate,0.20942668438338707,0.208952005171827,-0.0004746792115600802,0.0007191650940724556,-0.6600420619305759
/Users/jayleenjiang/Documents/NLS/experiments/entropy_ft_2026-08-26/production/n40_blocks.csv,40,180.0,action_current,0.030549013604659885,0.030474890275057218,-7.412332960267165e-05,9.978758028336418e-05,-0.7428111734164269
/Users/jayleenjiang/Documents/NLS/experiments/entropy_ft_2026-08-26/production/n40_blocks.csv,40,180.0,heat_current,0.5235749409609451,0.522311178580491,-0.0012637623804540518,0.0017830970738768434,-0.7087456981275594
/Users/jayleenjiang/Documents/NLS/experiments/entropy_ft_2026-08-26/production/n40_blocks.csv,40,200.0,entropy_rate,0.2094471436923478,0.20896909193057564,-0.0004780517617721594,0.0007187834384812074,-0.6650845528415136
/Users/jayleenjiang/Documents/NLS/experiments/entropy_ft_2026-08-26/production/n40_blocks.csv,40,200.0,action_current,0.030551140840786407,0.030478824232610936,-7.231660817546762e-05,0.00010000624056708626,-0.7231209549063704
/Users/jayleenjiang/Documents/NLS/experiments/entropy_ft_2026-08-26/production/n40_blocks.csv,40,200.0,heat_current,0.5236175038673859,0.5223361426497859,-0.0012813612176000256,0.0017893820905199975,-0.7160914510034354
