observable,bin_index,abs_left,abs_right,a_center,positive_count,negative_count,qualifies_ge_20_each,log_count_ratio
medium_entropy,0,0.0,0.47850864681656713,0.23925432340828356,9,13,0,-0.3677247801253174
medium_entropy,1,0.47850864681656713,0.9570172936331343,0.7177629702248507,13,4,0,1.1786549963416462
medium_entropy,2,0.9570172936331343,1.4355259404497014,1.1962716170414178,12,3,0,1.3862943611198906
medium_entropy,3,1.4355259404497014,1.9140345872662685,1.674780263857985,8,6,0,0.28768207245178085
medium_entropy,4,1.9140345872662685,2.3925432340828356,2.153288910674552,21,7,0,1.0986122886681098
medium_entropy,5,2.3925432340828356,2.8710518808994028,2.631797557491119,38,1,0,3.6375861597263857
medium_entropy,6,2.8710518808994028,3.34956052771597,3.1103062043076863,39,2,0,2.970414465569701
medium_entropy,7,3.34956052771597,3.828069174532537,3.5888148511242535,47,0,0,nan
medium_entropy,8,3.828069174532537,4.306577821349104,4.067323497940821,69,2,0,3.5409593240373143
medium_entropy,9,4.306577821349104,4.785086468165671,4.545832144757387,75,0,0,nan
medium_entropy,10,4.785086468165671,5.263595114982238,5.024340791573955,81,1,0,4.394449154672439
medium_entropy,11,5.263595114982238,5.7421037617988056,5.5028494383905215,89,0,0,nan
medium_entropy,12,5.7421037617988056,6.220612408615373,5.98135808520709,109,0,0,nan
medium_entropy,13,6.220612408615373,6.69912105543194,6.459866732023656,121,1,0,4.795790545596741
medium_entropy,14,6.69912105543194,7.177629702248507,6.938375378840224,160,0,0,nan
medium_entropy,15,7.177629702248507,7.656138349065074,7.41688402565679,151,1,0,5.017279836814924
medium_entropy,16,7.656138349065074,8.134646995881642,7.895392672473358,193,0,0,nan
medium_entropy,17,8.134646995881642,8.613155642698208,8.373901319289924,237,0,0,nan
medium_entropy,18,8.613155642698208,9.091664289514775,8.852409966106492,244,0,0,nan
medium_entropy,19,9.091664289514775,9.570172936331343,9.330918612923059,283,0,0,nan
medium_entropy,20,9.570172936331343,10.04868158314791,9.809427259739627,302,0,0,nan
medium_entropy,21,10.04868158314791,10.527190229964477,10.287935906556193,372,0,0,nan
medium_entropy,22,10.527190229964477,11.005698876781043,10.76644455337276,440,0,0,nan
medium_entropy,23,11.005698876781043,11.484207523597611,11.244953200189327,508,0,0,nan
medium_entropy,24,11.484207523597611,11.96271617041418,11.723461847005895,580,0,0,nan
medium_entropy,25,11.96271617041418,12.441224817230745,12.201970493822461,621,0,0,nan
medium_entropy,26,12.441224817230745,12.919733464047312,12.68047914063903,693,0,0,nan
medium_entropy,27,12.919733464047312,13.39824211086388,13.158987787455596,777,0,0,nan
medium_entropy,28,13.39824211086388,13.876750757680448,13.637496434272164,854,0,0,nan
medium_entropy,29,13.876750757680448,14.355259404497014,14.11600508108873,989,0,0,nan
medium_entropy,30,14.355259404497014,14.83376805131358,14.594513727905298,1052,0,0,nan
medium_entropy,31,14.83376805131358,15.312276698130148,15.073022374721864,1192,0,0,nan
medium_entropy,32,15.312276698130148,15.790785344946716,15.551531021538432,1200,0,0,nan
medium_entropy,33,15.790785344946716,16.269293991763284,16.030039668355,1304,0,0,nan
medium_entropy,34,16.269293991763284,16.74780263857985,16.508548315171566,1460,0,0,nan
medium_entropy,35,16.74780263857985,17.226311285396417,16.987056961988134,1603,0,0,nan
medium_entropy,36,17.226311285396417,17.704819932212985,17.4655656088047,1849,0,0,nan
medium_entropy,37,17.704819932212985,18.18332857902955,17.944074255621267,1904,0,0,nan
medium_entropy,38,18.18332857902955,18.661837225846117,18.422582902437835,2031,0,0,nan
medium_entropy,39,18.661837225846117,19.140345872662685,18.901091549254403,2128,0,0,nan
medium_entropy,40,19.140345872662685,19.618854519479253,19.379600196070967,2396,0,0,nan
medium_entropy,41,19.618854519479253,20.09736316629582,19.858108842887535,2583,0,0,nan
medium_entropy,42,20.09736316629582,20.575871813112386,20.336617489704103,2800,0,0,nan
medium_entropy,43,20.575871813112386,21.054380459928954,20.81512613652067,3004,0,0,nan
medium_entropy,44,21.054380459928954,21.53288910674552,21.293634783337236,3046,0,0,nan
medium_entropy,45,21.53288910674552,22.011397753562086,21.772143430153804,3177,0,0,nan
medium_entropy,46,22.011397753562086,22.489906400378654,22.250652076970372,3443,0,0,nan
medium_entropy,47,22.489906400378654,22.968415047195222,22.72916072378694,3668,0,0,nan
medium_entropy,48,22.968415047195222,23.44692369401179,23.207669370603504,3869,0,0,nan
medium_entropy,49,23.44692369401179,23.92543234082836,23.686178017420072,4100,0,0,nan
medium_entropy,50,23.92543234082836,24.403940987644923,24.16468666423664,4356,0,0,nan
medium_entropy,51,24.403940987644923,24.88244963446149,24.64319531105321,4446,0,0,nan
medium_entropy,52,24.88244963446149,25.36095828127806,25.121703957869773,4759,0,0,nan
medium_entropy,53,25.36095828127806,25.839466928094623,25.60021260468634,4928,0,0,nan
medium_entropy,54,25.839466928094623,26.31797557491119,26.07872125150291,5278,0,0,nan
medium_entropy,55,26.31797557491119,26.79648422172776,26.557229898319477,5447,0,0,nan
medium_entropy,56,26.79648422172776,27.274992868544327,27.03573854513604,5698,0,0,nan
medium_entropy,57,27.274992868544327,27.753501515360895,27.51424719195261,5930,0,0,nan
medium_entropy,58,27.753501515360895,28.23201016217746,27.992755838769178,6150,0,0,nan
medium_entropy,59,28.23201016217746,28.710518808994028,28.471264485585746,6222,0,0,nan
medium_entropy,60,28.710518808994028,29.189027455810596,28.94977313240231,6465,0,0,nan
medium_entropy,61,29.189027455810596,29.66753610262716,29.428281779218878,6831,0,0,nan
medium_entropy,62,29.66753610262716,30.14604474944373,29.906790426035446,6964,0,0,nan
medium_entropy,63,30.14604474944373,30.624553396260296,30.385299072852014,7240,0,0,nan
medium_entropy,64,30.624553396260296,31.103062043076864,30.86380771966858,7379,0,0,nan
medium_entropy,65,31.103062043076864,31.581570689893432,31.342316366485147,7721,0,0,nan
medium_entropy,66,31.581570689893432,32.06007933671,31.820825013301715,7945,0,0,nan
medium_entropy,67,32.06007933671,32.53858798352657,32.29933366011828,8106,0,0,nan
medium_entropy,68,32.53858798352657,33.01709663034313,32.77784230693485,8275,0,0,nan
medium_entropy,69,33.01709663034313,33.4956052771597,33.256350953751415,8436,0,0,nan
medium_entropy,70,33.4956052771597,33.97411392397627,33.73485960056798,8486,0,0,nan
medium_entropy,71,33.97411392397627,34.45262257079283,34.21336824738455,8917,0,0,nan
medium_entropy,72,34.45262257079283,34.9311312176094,34.691876894201116,8908,0,0,nan
medium_entropy,73,34.9311312176094,35.40963986442597,35.17038554101769,9304,0,0,nan
medium_entropy,74,35.40963986442597,35.888148511242534,35.64889418783425,9341,0,0,nan
medium_entropy,75,35.888148511242534,36.3666571580591,36.127402834650816,9457,0,0,nan
medium_entropy,76,36.3666571580591,36.84516580487567,36.60591148146739,9571,0,0,nan
medium_entropy,77,36.84516580487567,37.323674451692234,37.08442012828395,9750,0,0,nan
medium_entropy,78,37.323674451692234,37.802183098508806,37.56292877510052,10006,0,0,nan
medium_entropy,79,37.802183098508806,38.28069174532537,38.04143742191709,9992,0,0,nan
medium_entropy,80,38.28069174532537,38.759200392141935,38.51994606873365,10366,0,0,nan
medium_entropy,81,38.759200392141935,39.237709038958506,38.998454715550224,10236,0,0,nan
medium_entropy,82,39.237709038958506,39.71621768577507,39.47696336236679,10325,0,0,nan
medium_entropy,83,39.71621768577507,40.19472633259164,39.95547200918335,10525,0,0,nan
medium_entropy,84,40.19472633259164,40.67323497940821,40.433980655999925,10791,0,0,nan
medium_entropy,85,40.67323497940821,41.15174362622477,40.91248930281649,10695,0,0,nan
medium_entropy,86,41.15174362622477,41.63025227304134,41.390997949633054,10604,0,0,nan
medium_entropy,87,41.63025227304134,42.10876091985791,41.869506596449625,10896,0,0,nan
medium_entropy,88,42.10876091985791,42.58726956667447,42.34801524326619,10790,0,0,nan
medium_entropy,89,42.58726956667447,43.06577821349104,42.82652389008276,10946,0,0,nan
medium_entropy,90,43.06577821349104,43.54428686030761,43.305032536899326,10993,0,0,nan
medium_entropy,91,43.54428686030761,44.02279550712417,43.78354118371589,10841,0,0,nan
medium_entropy,92,44.02279550712417,44.501304153940744,44.26204983053246,10963,0,0,nan
medium_entropy,93,44.501304153940744,44.97981280075731,44.740558477349026,10928,0,0,nan
medium_entropy,94,44.97981280075731,45.45832144757388,45.21906712416559,10936,0,0,nan
medium_entropy,95,45.45832144757388,45.936830094390444,45.69757577098216,10817,0,0,nan
medium_entropy,96,45.936830094390444,46.41533874120701,46.17608441779873,11034,0,0,nan
medium_entropy,97,46.41533874120701,46.89384738802358,46.6545930646153,10809,0,0,nan
medium_entropy,98,46.89384738802358,47.372356034840145,47.13310171143186,10894,0,0,nan
medium_entropy,99,47.372356034840145,47.85086468165672,47.61161035824843,10886,0,0,nan
medium_entropy,100,47.85086468165672,48.32937332847328,48.090119005065,10809,0,0,nan
medium_entropy,101,48.32937332847328,48.807881975289845,48.56862765188156,10566,0,0,nan
medium_entropy,102,48.807881975289845,49.28639062210642,49.04713629869813,10723,0,0,nan
medium_entropy,103,49.28639062210642,49.76489926892298,49.5256449455147,10575,0,0,nan
medium_entropy,104,49.76489926892298,50.243407915739546,50.004153592331264,10421,0,0,nan
medium_entropy,105,50.243407915739546,50.72191656255612,50.482662239147835,10405,0,0,nan
medium_entropy,106,50.72191656255612,51.20042520937268,50.9611708859644,10327,0,0,nan
medium_entropy,107,51.20042520937268,51.678933856189246,51.439679532780964,10319,0,0,nan
medium_entropy,108,51.678933856189246,52.15744250300582,51.918188179597536,9865,0,0,nan
medium_entropy,109,52.15744250300582,52.63595114982238,52.3966968264141,10162,0,0,nan
medium_entropy,110,52.63595114982238,53.114459796638954,52.875205473230665,9970,0,0,nan
medium_entropy,111,53.114459796638954,53.59296844345552,53.353714120047236,9908,0,0,nan
medium_entropy,112,53.59296844345552,54.07147709027208,53.8322227668638,9737,0,0,nan
medium_entropy,113,54.07147709027208,54.549985737088655,54.31073141368037,9469,0,0,nan
medium_entropy,114,54.549985737088655,55.02849438390522,54.78924006049694,9276,0,0,nan
medium_entropy,115,55.02849438390522,55.50700303072179,55.2677487073135,9368,0,0,nan
medium_entropy,116,55.50700303072179,55.985511677538355,55.74625735413007,9181,0,0,nan
medium_entropy,117,55.985511677538355,56.46402032435492,56.22476600094664,9303,0,0,nan
medium_entropy,118,56.46402032435492,56.94252897117149,56.7032746477632,8852,0,0,nan
medium_entropy,119,56.94252897117149,57.421037617988056,57.18178329457977,8815,0,0,nan
medium_entropy,120,57.421037617988056,57.89954626480462,57.66029194139634,8557,0,0,nan
medium_entropy,121,57.89954626480462,58.37805491162119,58.13880058821291,8501,0,0,nan
medium_entropy,122,58.37805491162119,58.856563558437756,58.617309235029474,8237,0,0,nan
medium_entropy,123,58.856563558437756,59.33507220525432,59.09581788184604,8087,0,0,nan
medium_entropy,124,59.33507220525432,59.81358085207089,59.57432652866261,8069,0,0,nan
medium_entropy,125,59.81358085207089,60.29208949888746,60.052835175479174,7977,0,0,nan
medium_entropy,126,60.29208949888746,60.77059814570403,60.53134382229574,7820,0,0,nan
medium_entropy,127,60.77059814570403,61.24910679252059,61.00985246911231,7528,0,0,nan
medium_entropy,128,61.24910679252059,61.72761543933716,61.488361115928875,7556,0,0,nan
medium_entropy,129,61.72761543933716,62.20612408615373,61.966869762745446,7156,0,0,nan
medium_entropy,130,62.20612408615373,62.68463273297029,62.44537840956201,7054,0,0,nan
medium_entropy,131,62.68463273297029,63.163141379786865,62.923887056378575,6969,0,0,nan
medium_entropy,132,63.163141379786865,63.64165002660343,63.40239570319515,6771,0,0,nan
medium_entropy,133,63.64165002660343,64.12015867342,63.88090435001171,6518,0,0,nan
medium_entropy,134,64.12015867342,64.59866732023656,64.35941299682828,6554,0,0,nan
medium_entropy,135,64.59866732023656,65.07717596705314,64.83792164364485,6338,0,0,nan
medium_entropy,136,65.07717596705314,65.5556846138697,65.31643029046141,6109,0,0,nan
medium_entropy,137,65.5556846138697,66.03419326068627,65.79493893727798,6036,0,0,nan
medium_entropy,138,66.03419326068627,66.51270190750283,66.27344758409454,5828,0,0,nan
medium_entropy,139,66.51270190750283,66.9912105543194,66.75195623091112,5727,0,0,nan
medium_entropy,140,66.9912105543194,67.46971920113596,67.23046487772768,5565,0,0,nan
medium_entropy,141,67.46971920113596,67.94822784795254,67.70897352454425,5383,0,0,nan
medium_entropy,142,67.94822784795254,68.4267364947691,68.18748217136081,5314,0,0,nan
medium_entropy,143,68.4267364947691,68.90524514158567,68.66599081817738,5188,0,0,nan
medium_entropy,144,68.90524514158567,69.38375378840223,69.14449946499396,5005,0,0,nan
medium_entropy,145,69.38375378840223,69.8622624352188,69.62300811181052,4910,0,0,nan
medium_entropy,146,69.8622624352188,70.34077108203537,70.10151675862708,4695,0,0,nan
medium_entropy,147,70.34077108203537,70.81927972885194,70.58002540544365,4551,0,0,nan
medium_entropy,148,70.81927972885194,71.2977883756685,71.05853405226021,4515,0,0,nan
medium_entropy,149,71.2977883756685,71.77629702248507,71.53704269907679,4287,0,0,nan
medium_entropy,150,71.77629702248507,72.25480566930163,72.01555134589336,4184,0,0,nan
medium_entropy,151,72.25480566930163,72.7333143161182,72.49405999270992,4093,0,0,nan
medium_entropy,152,72.7333143161182,73.21182296293478,72.97256863952649,3889,0,0,nan
medium_entropy,153,73.21182296293478,73.69033160975134,73.45107728634305,3882,0,0,nan
medium_entropy,154,73.69033160975134,74.1688402565679,73.92958593315961,3720,0,0,nan
medium_entropy,155,74.1688402565679,74.64734890338447,74.4080945799762,3562,0,0,nan
medium_entropy,156,74.64734890338447,75.12585755020103,74.88660322679276,3420,0,0,nan
medium_entropy,157,75.12585755020103,75.60436619701761,75.36511187360932,3413,0,0,nan
medium_entropy,158,75.60436619701761,76.08287484383418,75.84362052042589,3323,0,0,nan
medium_entropy,159,76.08287484383418,76.56138349065074,76.32212916724245,3129,0,0,nan
medium_entropy,160,76.56138349065074,77.0398921374673,76.80063781405903,3117,0,0,nan
medium_entropy,161,77.0398921374673,77.51840078428387,77.2791464608756,3037,0,0,nan
medium_entropy,162,77.51840078428387,77.99690943110045,77.75765510769216,2907,0,0,nan
medium_entropy,163,77.99690943110045,78.47541807791701,78.23616375450872,2770,0,0,nan
medium_entropy,164,78.47541807791701,78.95392672473358,78.71467240132529,2651,0,0,nan
medium_entropy,165,78.95392672473358,79.43243537155014,79.19318104814187,2537,0,0,nan
medium_entropy,166,79.43243537155014,79.9109440183667,79.67168969495843,2528,0,0,nan
medium_entropy,167,79.9109440183667,80.38945266518328,80.150198341775,2434,0,0,nan
medium_entropy,168,80.38945266518328,80.86796131199985,80.62870698859156,2370,0,0,nan
medium_entropy,169,80.86796131199985,81.34646995881641,81.10721563540812,2294,0,0,nan
medium_entropy,170,81.34646995881641,81.82497860563298,81.58572428222469,2184,0,0,nan
medium_entropy,171,81.82497860563298,82.30348725244954,82.06423292904127,2055,0,0,nan
medium_entropy,172,82.30348725244954,82.78199589926611,82.54274157585783,1951,0,0,nan
medium_entropy,173,82.78199589926611,83.26050454608269,83.0212502226744,1879,0,0,nan
medium_entropy,174,83.26050454608269,83.73901319289925,83.49975886949096,1865,0,0,nan
medium_entropy,175,83.73901319289925,84.21752183971581,83.97826751630753,1837,0,0,nan
medium_entropy,176,84.21752183971581,84.69603048653238,84.4567761631241,1673,0,0,nan
medium_entropy,177,84.69603048653238,85.17453913334894,84.93528480994067,1593,0,0,nan
medium_entropy,178,85.17453913334894,85.65304778016552,85.41379345675723,1674,0,0,nan
medium_entropy,179,85.65304778016552,86.13155642698209,85.8923021035738,1595,0,0,nan
medium_entropy,180,86.13155642698209,86.61006507379865,86.37081075039036,1502,0,0,nan
medium_entropy,181,86.61006507379865,87.08857372061522,86.84931939720694,1406,0,0,nan
medium_entropy,182,87.08857372061522,87.56708236743178,87.3278280440235,1357,0,0,nan
medium_entropy,183,87.56708236743178,88.04559101424834,87.80633669084007,1308,0,0,nan
medium_entropy,184,88.04559101424834,88.52409966106492,88.28484533765663,1238,0,0,nan
medium_entropy,185,88.52409966106492,89.00260830788149,88.7633539844732,1195,0,0,nan
medium_entropy,186,89.00260830788149,89.48111695469805,89.24186263128976,1168,0,0,nan
medium_entropy,187,89.48111695469805,89.95962560151462,89.72037127810634,1146,0,0,nan
medium_entropy,188,89.95962560151462,90.43813424833118,90.1988799249229,1060,0,0,nan
medium_entropy,189,90.43813424833118,90.91664289514776,90.67738857173947,998,0,0,nan
medium_entropy,190,90.91664289514776,91.39515154196432,91.15589721855603,1003,0,0,nan
medium_entropy,191,91.39515154196432,91.87366018878089,91.6344058653726,902,0,0,nan
medium_entropy,192,91.87366018878089,92.35216883559745,92.11291451218918,930,0,0,nan
medium_entropy,193,92.35216883559745,92.83067748241402,92.59142315900574,892,0,0,nan
medium_entropy,194,92.83067748241402,93.3091861292306,93.0699318058223,863,0,0,nan
medium_entropy,195,93.3091861292306,93.78769477604716,93.54844045263887,751,0,0,nan
medium_entropy,196,93.78769477604716,94.26620342286373,94.02694909945544,765,0,0,nan
medium_entropy,197,94.26620342286373,94.74471206968029,94.50545774627201,742,0,0,nan
medium_entropy,198,94.74471206968029,95.22322071649685,94.98396639308858,694,0,0,nan
medium_entropy,199,95.22322071649685,95.70172936331343,95.46247503990514,609,0,0,nan
medium_entropy,200,95.70172936331343,96.18023801013,95.94098368672171,631,0,0,nan
medium_entropy,201,96.18023801013,96.65874665694656,96.41949233353827,638,0,0,nan
medium_entropy,202,96.65874665694656,97.13725530376313,96.89800098035484,629,0,0,nan
medium_entropy,203,97.13725530376313,97.61576395057969,97.37650962717142,539,0,0,nan
medium_entropy,204,97.61576395057969,98.09427259739626,97.85501827398798,531,0,0,nan
medium_entropy,205,98.09427259739626,98.57278124421283,98.33352692080454,508,0,0,nan
medium_entropy,206,98.57278124421283,99.0512898910294,98.81203556762111,495,0,0,nan
medium_entropy,207,99.0512898910294,99.52979853784596,99.29054421443767,445,0,0,nan
medium_entropy,208,99.52979853784596,100.00830718466253,99.76905286125425,457,0,0,nan
medium_entropy,209,100.00830718466253,100.48681583147909,100.24756150807082,399,0,0,nan
medium_entropy,210,100.48681583147909,100.96532447829567,100.72607015488738,413,0,0,nan
medium_entropy,211,100.96532447829567,101.44383312511223,101.20457880170395,401,0,0,nan
medium_entropy,212,101.44383312511223,101.9223417719288,101.68308744852051,372,0,0,nan
medium_entropy,213,101.9223417719288,102.40085041874536,102.16159609533709,345,0,0,nan
medium_entropy,214,102.40085041874536,102.87935906556193,102.64010474215365,322,0,0,nan
medium_entropy,215,102.87935906556193,103.35786771237849,103.11861338897022,350,0,0,nan
medium_entropy,216,103.35786771237849,103.83637635919507,103.59712203578678,320,0,0,nan
medium_entropy,217,103.83637635919507,104.31488500601164,104.07563068260335,284,0,0,nan
medium_entropy,218,104.31488500601164,104.7933936528282,104.55413932941991,283,0,0,nan
medium_entropy,219,104.7933936528282,105.27190229964476,105.03264797623649,247,0,0,nan
medium_entropy,220,105.27190229964476,105.75041094646133,105.51115662305305,240,0,0,nan
medium_entropy,221,105.75041094646133,106.22891959327791,105.98966526986962,231,0,0,nan
medium_entropy,222,106.22891959327791,106.70742824009447,106.46817391668618,225,0,0,nan
medium_entropy,223,106.70742824009447,107.18593688691104,106.94668256350275,206,0,0,nan
medium_entropy,224,107.18593688691104,107.6644455337276,107.42519121031933,214,0,0,nan
medium_entropy,225,107.6644455337276,108.14295418054417,107.90369985713589,172,0,0,nan
medium_entropy,226,108.14295418054417,108.62146282736074,108.38220850395246,189,0,0,nan
medium_entropy,227,108.62146282736074,109.09997147417731,108.86071715076902,173,0,0,nan
medium_entropy,228,109.09997147417731,109.57848012099387,109.33922579758558,164,0,0,nan
medium_entropy,229,109.57848012099387,110.05698876781044,109.81773444440216,163,0,0,nan
medium_entropy,230,110.05698876781044,110.535497414627,110.29624309121873,168,0,0,nan
medium_entropy,231,110.535497414627,111.01400606144358,110.77475173803529,156,0,0,nan
medium_entropy,232,111.01400606144358,111.49251470826015,111.25326038485186,126,0,0,nan
medium_entropy,233,111.49251470826015,111.97102335507671,111.73176903166842,136,0,0,nan
medium_entropy,234,111.97102335507671,112.44953200189327,112.21027767848499,124,0,0,nan
medium_entropy,235,112.44953200189327,112.92804064870984,112.68878632530156,137,0,0,nan
medium_entropy,236,112.92804064870984,113.4065492955264,113.16729497211813,117,0,0,nan
medium_entropy,237,113.4065492955264,113.88505794234298,113.64580361893469,98,0,0,nan
medium_entropy,238,113.88505794234298,114.36356658915955,114.12431226575126,102,0,0,nan
medium_entropy,239,114.36356658915955,114.84207523597611,114.60282091256782,97,0,0,nan
medium_entropy,240,114.84207523597611,115.32058388279268,115.0813295593844,93,0,0,nan
medium_entropy,241,115.32058388279268,115.79909252960924,115.55983820620096,89,0,0,nan
medium_entropy,242,115.79909252960924,116.27760117642582,116.03834685301753,94,0,0,nan
medium_entropy,243,116.27760117642582,116.75610982324238,116.5168554998341,82,0,0,nan
medium_entropy,244,116.75610982324238,117.23461847005895,116.99536414665066,67,0,0,nan
medium_entropy,245,117.23461847005895,117.71312711687551,117.47387279346724,65,0,0,nan
medium_entropy,246,117.71312711687551,118.19163576369208,117.9523814402838,60,0,0,nan
medium_entropy,247,118.19163576369208,118.67014441050864,118.43089008710037,66,0,0,nan
medium_entropy,248,118.67014441050864,119.14865305732522,118.90939873391693,58,0,0,nan
medium_entropy,249,119.14865305732522,119.62716170414178,119.3879073807335,62,0,0,nan
medium_entropy,250,119.62716170414178,120.10567035095835,119.86641602755006,51,0,0,nan
medium_entropy,251,120.10567035095835,120.58417899777491,120.34492467436664,49,0,0,nan
medium_entropy,252,120.58417899777491,121.06268764459148,120.8234333211832,43,0,0,nan
medium_entropy,253,121.06268764459148,121.54119629140806,121.30194196799977,47,0,0,nan
medium_entropy,254,121.54119629140806,122.01970493822462,121.78045061481633,45,0,0,nan
medium_entropy,255,122.01970493822462,122.49821358504119,122.2589592616329,56,0,0,nan
medium_entropy,256,122.49821358504119,122.97672223185775,122.73746790844947,47,0,0,nan
medium_entropy,257,122.97672223185775,123.45523087867431,123.21597655526604,50,0,0,nan
medium_entropy,258,123.45523087867431,123.93373952549089,123.6944852020826,35,0,0,nan
medium_entropy,259,123.93373952549089,124.41224817230746,124.17299384889917,39,0,0,nan
medium_entropy,260,124.41224817230746,124.89075681912402,124.65150249571573,26,0,0,nan
medium_entropy,261,124.89075681912402,125.36926546594059,125.13001114253231,26,0,0,nan
medium_entropy,262,125.36926546594059,125.84777411275715,125.60851978934888,26,0,0,nan
medium_entropy,263,125.84777411275715,126.32628275957373,126.08702843616544,15,0,0,nan
medium_entropy,264,126.32628275957373,126.8047914063903,126.565537082982,29,0,0,nan
medium_entropy,265,126.8047914063903,127.28330005320686,127.04404572979857,23,0,0,nan
medium_entropy,266,127.28330005320686,127.76180870002342,127.52255437661513,25,0,0,nan
medium_entropy,267,127.76180870002342,128.24031734684,128.0010630234317,19,0,0,nan
medium_entropy,268,128.24031734684,128.71882599365657,128.47957167024828,18,0,0,nan
medium_entropy,269,128.71882599365657,129.19733464047312,128.95808031706486,19,0,0,nan
medium_entropy,270,129.19733464047312,129.6758432872897,129.4365889638814,13,0,0,nan
medium_entropy,271,129.6758432872897,130.15435193410627,129.91509761069798,19,0,0,nan
medium_entropy,272,130.15435193410627,130.63286058092282,130.39360625751453,15,0,0,nan
medium_entropy,273,130.63286058092282,131.1113692277394,130.8721149043311,14,0,0,nan
medium_entropy,274,131.1113692277394,131.58987787455595,131.35062355114766,15,0,0,nan
medium_entropy,275,131.58987787455595,132.06838652137253,131.82913219796424,16,0,0,nan
medium_entropy,276,132.06838652137253,132.54689516818908,132.30764084478082,9,0,0,nan
medium_entropy,277,132.54689516818908,133.02540381500566,132.78614949159737,10,0,0,nan
medium_entropy,278,133.02540381500566,133.50391246182224,133.26465813841395,11,0,0,nan
medium_entropy,279,133.50391246182224,133.9824211086388,133.7431667852305,9,0,0,nan
medium_entropy,280,133.9824211086388,134.46092975545537,134.22167543204708,8,0,0,nan
medium_entropy,281,134.46092975545537,134.93943840227192,134.70018407886366,5,0,0,nan
medium_entropy,282,134.93943840227192,135.4179470490885,135.1786927256802,10,0,0,nan
medium_entropy,283,135.4179470490885,135.89645569590508,135.6572013724968,6,0,0,nan
medium_entropy,284,135.89645569590508,136.37496434272163,136.13571001931334,7,0,0,nan
medium_entropy,285,136.37496434272163,136.8534729895382,136.61421866612991,13,0,0,nan
medium_entropy,286,136.8534729895382,137.33198163635475,137.0927273129465,6,0,0,nan
medium_entropy,287,137.33198163635475,137.81049028317133,137.57123595976304,6,0,0,nan
medium_entropy,288,137.81049028317133,138.2889989299879,138.04974460657962,3,0,0,nan
medium_entropy,289,138.2889989299879,138.76750757680446,138.52825325339617,4,0,0,nan
medium_entropy,290,138.76750757680446,139.24601622362104,139.00676190021275,4,0,0,nan
medium_entropy,291,139.24601622362104,139.7245248704376,139.48527054702933,2,0,0,nan
medium_entropy,292,139.7245248704376,140.20303351725417,139.96377919384588,3,0,0,nan
medium_entropy,293,140.20303351725417,140.68154216407075,140.44228784066246,4,0,0,nan
medium_entropy,294,140.68154216407075,141.1600508108873,140.920796487479,6,0,0,nan
medium_entropy,295,141.1600508108873,141.63855945770388,141.3993051342956,6,0,0,nan
medium_entropy,296,141.63855945770388,142.11706810452043,141.87781378111217,3,0,0,nan
medium_entropy,297,142.11706810452043,142.595576751337,142.35632242792872,0,0,0,nan
medium_entropy,298,142.595576751337,143.07408539815358,142.8348310747453,3,0,0,nan
medium_entropy,299,143.07408539815358,143.55259404497014,143.31333972156185,1,0,0,nan
medium_entropy,300,143.55259404497014,144.0311026917867,143.79184836837842,1,0,0,nan
medium_entropy,301,144.0311026917867,144.50961133860326,144.270357015195,1,0,0,nan
medium_entropy,302,144.50961133860326,144.98811998541984,144.74886566201155,0,0,0,nan
medium_entropy,303,144.98811998541984,145.4666286322364,145.22737430882813,1,0,0,nan
medium_entropy,304,145.4666286322364,145.94513727905297,145.70588295564468,3,0,0,nan
medium_entropy,305,145.94513727905297,146.42364592586955,146.18439160246126,1,0,0,nan
medium_entropy,306,146.42364592586955,146.9021545726861,146.6629002492778,6,0,0,nan
medium_entropy,307,146.9021545726861,147.38066321950268,147.1414088960944,2,0,0,nan
medium_entropy,308,147.38066321950268,147.85917186631923,147.61991754291097,1,0,0,nan
medium_entropy,309,147.85917186631923,148.3376805131358,148.09842618972752,1,0,0,nan
medium_entropy,310,148.3376805131358,148.8161891599524,148.5769348365441,0,0,0,nan
medium_entropy,311,148.8161891599524,149.29469780676894,149.05544348336065,1,0,0,nan
medium_entropy,312,149.29469780676894,149.77320645358552,149.53395213017723,1,0,0,nan
medium_entropy,313,149.77320645358552,150.25171510040207,150.0124607769938,3,0,0,nan
medium_entropy,314,150.25171510040207,150.73022374721864,150.49096942381036,3,0,0,nan
medium_entropy,315,150.73022374721864,151.20873239403522,150.96947807062693,0,0,0,nan
medium_entropy,316,151.20873239403522,151.68724104085177,151.44798671744348,1,0,0,nan
medium_entropy,317,151.68724104085177,152.16574968766835,151.92649536426006,1,0,0,nan
medium_entropy,318,152.16574968766835,152.6442583344849,152.40500401107664,0,0,0,nan
medium_entropy,319,152.6442583344849,153.12276698130148,152.8835126578932,3,0,0,nan
medium_entropy,320,153.12276698130148,153.60127562811806,153.36202130470977,2,0,0,nan
medium_entropy,321,153.60127562811806,154.0797842749346,153.84052995152632,0,0,0,nan
medium_entropy,322,154.0797842749346,154.5582929217512,154.3190385983429,0,0,0,nan
medium_entropy,323,154.5582929217512,155.03680156856774,154.79754724515948,0,0,0,nan
medium_entropy,324,155.03680156856774,155.51531021538432,155.27605589197603,1,0,0,nan
medium_entropy,325,155.51531021538432,155.9938188622009,155.7545645387926,1,0,0,nan
medium_entropy,326,155.9938188622009,156.47232750901745,156.23307318560916,1,0,0,nan
medium_entropy,327,156.47232750901745,156.95083615583403,156.71158183242574,1,0,0,nan
medium_entropy,328,156.95083615583403,157.42934480265058,157.19009047924231,0,0,0,nan
medium_entropy,329,157.42934480265058,157.90785344946715,157.66859912605887,0,0,0,nan
medium_entropy,330,157.90785344946715,158.38636209628373,158.14710777287544,0,0,0,nan
medium_entropy,331,158.38636209628373,158.86487074310028,158.625616419692,2,0,0,nan
medium_entropy,332,158.86487074310028,159.34337938991686,159.10412506650857,1,0,0,nan
medium_entropy,333,159.34337938991686,159.8218880367334,159.58263371332515,1,0,0,nan
medium_entropy,334,159.8218880367334,160.30039668355,160.0611423601417,0,0,0,nan
medium_entropy,335,160.30039668355,160.77890533036657,160.53965100695828,0,0,0,nan
medium_entropy,336,160.77890533036657,161.25741397718312,161.01815965377483,0,0,0,nan
medium_entropy,337,161.25741397718312,161.7359226239997,161.4966683005914,0,0,0,nan
medium_entropy,338,161.7359226239997,162.21443127081625,161.97517694740796,0,0,0,nan
medium_entropy,339,162.21443127081625,162.69293991763283,162.45368559422454,0,0,0,nan
medium_entropy,340,162.69293991763283,163.17144856444938,162.93219424104112,0,0,0,nan
medium_entropy,341,163.17144856444938,163.64995721126596,163.41070288785767,0,0,0,nan
medium_entropy,342,163.64995721126596,164.12846585808254,163.88921153467425,0,0,0,nan
medium_entropy,343,164.12846585808254,164.60697450489909,164.3677201814908,0,0,0,nan
medium_entropy,344,164.60697450489909,165.08548315171566,164.84622882830737,0,0,0,nan
medium_entropy,345,165.08548315171566,165.56399179853221,165.32473747512395,0,0,0,nan
medium_entropy,346,165.56399179853221,166.0425004453488,165.8032461219405,0,0,0,nan
medium_entropy,347,166.0425004453488,166.52100909216537,166.28175476875708,0,0,0,nan
medium_entropy,348,166.52100909216537,166.99951773898192,166.76026341557363,0,0,0,nan
medium_entropy,349,166.99951773898192,167.4780263857985,167.2387720623902,0,0,0,nan
medium_entropy,350,167.4780263857985,167.95653503261505,167.7172807092068,0,0,0,nan
medium_entropy,351,167.95653503261505,168.43504367943163,168.19578935602334,0,0,0,nan
medium_entropy,352,168.43504367943163,168.9135523262482,168.67429800283992,0,0,0,nan
medium_entropy,353,168.9135523262482,169.39206097306476,169.15280664965647,0,0,0,nan
medium_entropy,354,169.39206097306476,169.87056961988134,169.63131529647305,0,0,0,nan
medium_entropy,355,169.87056961988134,170.3490782666979,170.10982394328963,1,0,0,nan
medium_entropy,356,170.3490782666979,170.82758691351447,170.58833259010618,0,0,0,nan
medium_entropy,357,170.82758691351447,171.30609556033104,171.06684123692276,0,0,0,nan
medium_entropy,358,171.30609556033104,171.7846042071476,171.5453498837393,0,0,0,nan
medium_entropy,359,171.7846042071476,172.26311285396417,172.02385853055588,0,0,0,nan
medium_entropy,360,172.26311285396417,172.74162150078072,172.50236717737246,0,0,0,nan
medium_entropy,361,172.74162150078072,173.2201301475973,172.980875824189,0,0,0,nan
medium_entropy,362,173.2201301475973,173.69863879441388,173.4593844710056,0,0,0,nan
medium_entropy,363,173.69863879441388,174.17714744123043,173.93789311782214,0,0,0,nan
medium_entropy,364,174.17714744123043,174.655656088047,174.41640176463872,0,0,0,nan
medium_entropy,365,174.655656088047,175.13416473486356,174.8949104114553,0,0,0,nan
medium_entropy,366,175.13416473486356,175.61267338168014,175.37341905827185,0,0,0,nan
medium_entropy,367,175.61267338168014,176.0911820284967,175.85192770508843,0,0,0,nan
medium_entropy,368,176.0911820284967,176.56969067531327,176.33043635190498,0,0,0,nan
medium_entropy,369,176.56969067531327,177.04819932212985,176.80894499872156,0,0,0,nan
medium_entropy,370,177.04819932212985,177.5267079689464,177.2874536455381,0,0,0,nan
medium_entropy,371,177.5267079689464,178.00521661576298,177.7659622923547,1,0,0,nan
medium_entropy,372,178.00521661576298,178.48372526257953,178.24447093917126,0,0,0,nan
medium_entropy,373,178.48372526257953,178.9622339093961,178.72297958598782,0,0,0,nan
medium_entropy,374,178.9622339093961,179.44074255621268,179.2014882328044,0,0,0,nan
medium_entropy,375,179.44074255621268,179.91925120302923,179.67999687962094,0,0,0,nan
medium_entropy,376,179.91925120302923,180.3977598498458,180.15850552643752,0,0,0,nan
medium_entropy,377,180.3977598498458,180.87626849666236,180.6370141732541,0,0,0,nan
medium_entropy,378,180.87626849666236,181.35477714347894,181.11552282007065,0,0,0,nan
medium_entropy,379,181.35477714347894,181.83328579029552,181.59403146688723,0,0,0,nan
medium_entropy,380,181.83328579029552,182.31179443711207,182.07254011370378,0,0,0,nan
medium_entropy,381,182.31179443711207,182.79030308392865,182.55104876052036,0,0,0,nan
medium_entropy,382,182.79030308392865,183.2688117307452,183.02955740733694,0,0,0,nan
medium_entropy,383,183.2688117307452,183.74732037756178,183.5080660541535,0,0,0,nan
medium_entropy,384,183.74732037756178,184.22582902437836,183.98657470097007,0,0,0,nan
medium_entropy,385,184.22582902437836,184.7043376711949,184.46508334778662,0,0,0,nan
medium_entropy,386,184.7043376711949,185.18284631801149,184.9435919946032,0,0,0,nan
medium_entropy,387,185.18284631801149,185.66135496482804,185.42210064141977,0,0,0,nan
medium_entropy,388,185.66135496482804,186.1398636116446,185.90060928823632,0,0,0,nan
medium_entropy,389,186.1398636116446,186.6183722584612,186.3791179350529,0,0,0,nan
medium_entropy,390,186.6183722584612,187.09688090527774,186.85762658186945,0,0,0,nan
medium_entropy,391,187.09688090527774,187.57538955209432,187.33613522868603,1,0,0,nan
