theta1,theta3,diff
-3.03687,-3.03687,0.00665416
-3.03687,-2.82743,0.00649899
-3.03687,-2.61799,0.00525503
-3.03687,-2.40855,0.00301178
-3.03687,-2.19911,0.0015409
-3.03687,-1.98968,0.00148131
-3.03687,-1.78024,0.00144473
-3.03687,-1.5708,0.00134569
-3.03687,-1.36136,0.00178873
-3.03687,-1.15192,0.00175717
-3.03687,-0.942478,0.000941009
-3.03687,-0.733038,0.000252135
-3.03687,-0.523599,-0.000359679
-3.03687,-0.314159,-0.000685954
-3.03687,-0.10472,-0.000818672
-3.03687,0.10472,-0.000984932
-3.03687,0.314159,-0.000761566
-3.03687,0.523599,0.000103516
-3.03687,0.733038,1.47789e-05
-3.03687,0.942478,0.000193994
-3.03687,1.15192,0.00129053
-3.03687,1.36136,0.00178496
-3.03687,1.5708,0.00248969
-3.03687,1.78024,0.00210376
-3.03687,1.98968,0.00305336
-3.03687,2.19911,0.00277472
-3.03687,2.40855,0.00312864
-3.03687,2.61799,0.00283534
-3.03687,2.82743,0.00486108
-3.03687,3.03687,0.00586359
-2.82743,-3.03687,0.00495465
-2.82743,-2.82743,0.00535045
-2.82743,-2.61799,0.00554523
-2.82743,-2.40855,0.00472023
-2.82743,-2.19911,0.00348852
-2.82743,-1.98968,0.00202876
-2.82743,-1.78024,0.000821053
-2.82743,-1.5708,0.00147013
-2.82743,-1.36136,0.00140424
-2.82743,-1.15192,0.00155302
-2.82743,-0.942478,0.000923792
-2.82743,-0.733038,0.000475726
-2.82743,-0.523599,-0.000345478
-2.82743,-0.314159,-0.000784925
-2.82743,-0.10472,-0.000989791
-2.82743,0.10472,-0.000978834
-2.82743,0.314159,-0.000489673
-2.82743,0.523599,-0.000233745
-2.82743,0.733038,-9.58531e-05
-2.82743,0.942478,0.000883329
-2.82743,1.15192,0.00119374
-2.82743,1.36136,0.00226308
-2.82743,1.5708,0.00344746
-2.82743,1.78024,0.0036558
-2.82743,1.98968,0.00293715
-2.82743,2.19911,0.00341998
-2.82743,2.40855,0.00299261
-2.82743,2.61799,0.0023037
-2.82743,2.82743,0.00346367
-2.82743,3.03687,0.00442254
-2.61799,-3.03687,0.00428838
-2.61799,-2.82743,0.0054761
-2.61799,-2.61799,0.00561336
-2.61799,-2.40855,0.00618101
-2.61799,-2.19911,0.00479292
-2.61799,-1.98968,0.00300456
-2.61799,-1.78024,0.00207216
-2.61799,-1.5708,0.00210411
-2.61799,-1.36136,0.0015711
-2.61799,-1.15192,0.00225967
-2.61799,-0.942478,0.000948783
-2.61799,-0.733038,-0.000242285
-2.61799,-0.523599,-0.000601253
-2.61799,-0.314159,-0.00108344
-2.61799,-0.10472,-0.00122725
-2.61799,0.10472,-0.00106813
-2.61799,0.314159,-0.000705924
-2.61799,0.523599,-0.000855542
-2.61799,0.733038,-0.000765904
-2.61799,0.942478,0.000450176
-2.61799,1.15192,0.00160984
-2.61799,1.36136,0.00215104
-2.61799,1.5708,0.00321639
-2.61799,1.78024,0.00385359
-2.61799,1.98968,0.00382876
-2.61799,2.19911,0.00352651
-2.61799,2.40855,0.00266022
-2.61799,2.61799,0.00222885
-2.61799,2.82743,0.00295319
-2.61799,3.03687,0.0030526
-2.40855,-3.03687,0.00303254
-2.40855,-2.82743,0.00415957
-2.40855,-2.61799,0.00612302
-2.40855,-2.40855,0.00652697
-2.40855,-2.19911,0.00567152
-2.40855,-1.98968,0.00407002
-2.40855,-1.78024,0.00326854
-2.40855,-1.5708,0.00266598
-2.40855,-1.36136,0.00161624
-2.40855,-1.15192,0.00119163
-2.40855,-0.942478,0.000227539
-2.40855,-0.733038,-0.000411525
-2.40855,-0.523599,-0.00133918
-2.40855,-0.314159,-0.00126626
-2.40855,-0.10472,-0.0011913
-2.40855,0.10472,-0.00137217
-2.40855,0.314159,-0.00095452
-2.40855,0.523599,-0.00107879
-2.40855,0.733038,-0.000824704
-2.40855,0.942478,-0.00069961
-2.40855,1.15192,8.50877e-05
-2.40855,1.36136,0.00112213
-2.40855,1.5708,0.00234196
-2.40855,1.78024,0.00331373
-2.40855,1.98968,0.00491081
-2.40855,2.19911,0.00348698
-2.40855,2.40855,0.00288762
-2.40855,2.61799,0.00262661
-2.40855,2.82743,0.00111762
-2.40855,3.03687,0.00235128
-2.19911,-3.03687,0.00205462
-2.19911,-2.82743,0.00273517
-2.19911,-2.61799,0.00335313
-2.19911,-2.40855,0.00585314
-2.19911,-2.19911,0.00537097
-2.19911,-1.98968,0.0039544
-2.19911,-1.78024,0.00266299
-2.19911,-1.5708,0.00259397
-2.19911,-1.36136,0.00150146
-2.19911,-1.15192,0.000516125
-2.19911,-0.942478,-0.000535771
-2.19911,-0.733038,-0.00131063
-2.19911,-0.523599,-0.00156561
-2.19911,-0.314159,-0.00150544
-2.19911,-0.10472,-0.00167012
-2.19911,0.10472,-0.00181541
-2.19911,0.314159,-0.00190796
-2.19911,0.523599,-0.00152569
-2.19911,0.733038,-0.00152561
-2.19911,0.942478,-0.000999342
-2.19911,1.15192,-0.0011932
-2.19911,1.36136,0.000222528
-2.19911,1.5708,0.00157047
-2.19911,1.78024,0.00283333
-2.19911,1.98968,0.00381677
-2.19911,2.19911,0.00468462
-2.19911,2.40855,0.00285161
-2.19911,2.61799,0.00252452
-2.19911,2.82743,0.00169528
-2.19911,3.03687,0.00153392
-1.98968,-3.03687,0.000834567
-1.98968,-2.82743,0.0017706
-1.98968,-2.61799,0.00254056
-1.98968,-2.40855,0.00433044
-1.98968,-2.19911,0.00378513
-1.98968,-1.98968,0.00331647
-1.98968,-1.78024,0.00281682
-1.98968,-1.5708,0.00208022
-1.98968,-1.36136,0.000590459
-1.98968,-1.15192,-0.000366999
-1.98968,-0.942478,-0.00166007
-1.98968,-0.733038,-0.00178626
-1.98968,-0.523599,-0.00149227
-1.98968,-0.314159,-0.00212442
-1.98968,-0.10472,-0.00212238
-1.98968,0.10472,-0.00213505
-1.98968,0.314159,-0.00199786
-1.98968,0.523599,-0.0022943
-1.98968,0.733038,-0.00211755
-1.98968,0.942478,-0.00192763
-1.98968,1.15192,-0.00147104
-1.98968,1.36136,-0.00100806
-1.98968,1.5708,0.000324514
-1.98968,1.78024,0.00131064
-1.98968,1.98968,0.00313407
-1.98968,2.19911,0.00394939
-1.98968,2.40855,0.00344341
-1.98968,2.61799,0.0034699
-1.98968,2.82743,0.00235007
-1.98968,3.03687,0.0013394
-1.78024,-3.03687,0.00120983
-1.78024,-2.82743,0.00127051
-1.78024,-2.61799,0.00206406
-1.78024,-2.40855,0.00300539
-1.78024,-2.19911,0.00279914
-1.78024,-1.98968,0.00297896
-1.78024,-1.78024,0.00254659
-1.78024,-1.5708,0.00073016
-1.78024,-1.36136,-0.000821024
-1.78024,-1.15192,-0.00150269
-1.78024,-0.942478,-0.00198093
-1.78024,-0.733038,-0.00184912
-1.78024,-0.523599,-0.00212864
-1.78024,-0.314159,-0.00231177
-1.78024,-0.10472,-0.00229722
-1.78024,0.10472,-0.00219209
-1.78024,0.314159,-0.00259467
-1.78024,0.523599,-0.00209083
-1.78024,0.733038,-0.00222126
-1.78024,0.942478,-0.00200404
-1.78024,1.15192,-0.00192385
-1.78024,1.36136,-0.00155507
-1.78024,1.5708,-0.00115214
-1.78024,1.78024,9.30833e-05
-1.78024,1.98968,0.00174229
-1.78024,2.19911,0.0035397
-1.78024,2.40855,0.00360352
-1.78024,2.61799,0.00315161
-1.78024,2.82743,0.0026469
-1.78024,3.03687,0.00148728
-1.5708,-3.03687,0.00132153
-1.5708,-2.82743,0.00162711
-1.5708,-2.61799,0.00204174
-1.5708,-2.40855,0.00237451
-1.5708,-2.19911,0.00282097
-1.5708,-1.98968,0.00247467
-1.5708,-1.78024,0.00105451
-1.5708,-1.5708,-0.000535631
-1.5708,-1.36136,-0.0015145
-1.5708,-1.15192,-0.00183881
-1.5708,-0.942478,-0.00199332
-1.5708,-0.733038,-0.00211551
-1.5708,-0.523599,-0.00209768
-1.5708,-0.314159,-0.00231499
-1.5708,-0.10472,-0.00217897
-1.5708,0.10472,-0.00199766
-1.5708,0.314159,-0.00224854
-1.5708,0.523599,-0.00221577
-1.5708,0.733038,-0.00218485
-1.5708,0.942478,-0.0019129
-1.5708,1.15192,-0.00213369
-1.5708,1.36136,-0.00196006
-1.5708,1.5708,-0.00173285
-1.5708,1.78024,-0.0010045
-1.5708,1.98968,-0.000411876
-1.5708,2.19911,0.0020549
-1.5708,2.40855,0.00223382
-1.5708,2.61799,0.00240469
-1.5708,2.82743,0.00228923
-1.5708,3.03687,0.00211202
-1.36136,-3.03687,0.00164602
-1.36136,-2.82743,0.00175518
-1.36136,-2.61799,0.00201112
-1.36136,-2.40855,0.0025282
-1.36136,-2.19911,0.00193166
-1.36136,-1.98968,0.00105118
-1.36136,-1.78024,-0.000238035
-1.36136,-1.5708,-0.00120342
-1.36136,-1.36136,-0.00194752
-1.36136,-1.15192,-0.00222216
-1.36136,-0.942478,-0.00200403
-1.36136,-0.733038,-0.00217907
-1.36136,-0.523599,-0.0019113
-1.36136,-0.314159,-0.00203322
-1.36136,-0.10472,-0.00190231
-1.36136,0.10472,-0.00208085
-1.36136,0.314159,-0.00194556
-1.36136,0.523599,-0.00200434
-1.36136,0.733038,-0.00187675
-1.36136,0.942478,-0.00208902
-1.36136,1.15192,-0.00229862
-1.36136,1.36136,-0.00239368
-1.36136,1.5708,-0.00182915
-1.36136,1.78024,-0.00186183
-1.36136,1.98968,-0.0012681
-1.36136,2.19911,-0.000190306
-1.36136,2.40855,0.000971689
-1.36136,2.61799,0.00132914
-1.36136,2.82743,0.00205533
-1.36136,3.03687,0.00177385
-1.15192,-3.03687,0.001102
-1.15192,-2.82743,0.00160722
-1.15192,-2.61799,0.00153966
-1.15192,-2.40855,0.00165489
-1.15192,-2.19911,0.000707056
-1.15192,-1.98968,-0.000465678
-1.15192,-1.78024,-0.00157614
-1.15192,-1.5708,-0.00182546
-1.15192,-1.36136,-0.00240479
-1.15192,-1.15192,-0.00221927
-1.15192,-0.942478,-0.00196427
-1.15192,-0.733038,-0.00196381
-1.15192,-0.523599,-0.00186666
-1.15192,-0.314159,-0.00196802
-1.15192,-0.10472,-0.00174413
-1.15192,0.10472,-0.00191401
-1.15192,0.314159,-0.00183113
-1.15192,0.523599,-0.00179221
-1.15192,0.733038,-0.00192962
-1.15192,0.942478,-0.00209752
-1.15192,1.15192,-0.00195037
-1.15192,1.36136,-0.00207928
-1.15192,1.5708,-0.00204655
-1.15192,1.78024,-0.00240698
-1.15192,1.98968,-0.00188468
-1.15192,2.19911,-0.00136324
-1.15192,2.40855,-2.00307e-05
-1.15192,2.61799,0.000475192
-1.15192,2.82743,0.000512241
-1.15192,3.03687,0.00112464
-0.942478,-3.03687,0.001051
-0.942478,-2.82743,0.0014983
-0.942478,-2.61799,0.00104384
-0.942478,-2.40855,0.000410088
-0.942478,-2.19911,-0.000197479
-0.942478,-1.98968,-0.00143808
-0.942478,-1.78024,-0.00210591
-0.942478,-1.5708,-0.00240091
-0.942478,-1.36136,-0.00216519
-0.942478,-1.15192,-0.0020993
-0.942478,-0.942478,-0.0018203
-0.942478,-0.733038,-0.00181857
-0.942478,-0.523599,-0.00165976
-0.942478,-0.314159,-0.00156266
-0.942478,-0.10472,-0.00160632
-0.942478,0.10472,-0.00149293
-0.942478,0.314159,-0.00184899
-0.942478,0.523599,-0.00171757
-0.942478,0.733038,-0.00175525
-0.942478,0.942478,-0.00185802
-0.942478,1.15192,-0.00221629
-0.942478,1.36136,-0.00202917
-0.942478,1.5708,-0.00238277
-0.942478,1.78024,-0.00244315
-0.942478,1.98968,-0.00228524
-0.942478,2.19911,-0.00190761
-0.942478,2.40855,-0.00114114
-0.942478,2.61799,6.08175e-05
-0.942478,2.82743,-5.64078e-05
-0.942478,3.03687,0.000851378
-0.733038,-3.03687,4.90746e-05
-0.733038,-2.82743,0.000705206
-0.733038,-2.61799,0.000366905
-0.733038,-2.40855,-0.000557931
-0.733038,-2.19911,-0.00128724
-0.733038,-1.98968,-0.00205731
-0.733038,-1.78024,-0.00215899
-0.733038,-1.5708,-0.00234544
-0.733038,-1.36136,-0.00218068
-0.733038,-1.15192,-0.00198279
-0.733038,-0.942478,-0.00190216
-0.733038,-0.733038,-0.00171155
-0.733038,-0.523599,-0.00155805
-0.733038,-0.314159,-0.00151383
-0.733038,-0.10472,-0.00149163
-0.733038,0.10472,-0.00141084
-0.733038,0.314159,-0.00140562
-0.733038,0.523599,-0.00165088
-0.733038,0.733038,-0.00184029
-0.733038,0.942478,-0.00189776
-0.733038,1.15192,-0.00180045
-0.733038,1.36136,-0.00187141
-0.733038,1.5708,-0.00223186
-0.733038,1.78024,-0.00210931
-0.733038,1.98968,-0.00206328
-0.733038,2.19911,-0.00194201
-0.733038,2.40855,-0.00147878
-0.733038,2.61799,-0.000735728
-0.733038,2.82743,-0.000298402
-0.733038,3.03687,0.000538912
-0.523599,-3.03687,-0.000243123
-0.523599,-2.82743,-3.28544e-05
-0.523599,-2.61799,-0.000524582
-0.523599,-2.40855,-0.0010089
-0.523599,-2.19911,-0.00161509
-0.523599,-1.98968,-0.00198283
-0.523599,-1.78024,-0.00220264
-0.523599,-1.5708,-0.00209863
-0.523599,-1.36136,-0.00196912
-0.523599,-1.15192,-0.00193515
-0.523599,-0.942478,-0.00180443
-0.523599,-0.733038,-0.00145211
-0.523599,-0.523599,-0.00165587
-0.523599,-0.314159,-0.00140932
-0.523599,-0.10472,-0.00144135
-0.523599,0.10472,-0.00132745
-0.523599,0.314159,-0.00132673
-0.523599,0.523599,-0.00150759
-0.523599,0.733038,-0.00162581
-0.523599,0.942478,-0.00178695
-0.523599,1.15192,-0.00199295
-0.523599,1.36136,-0.00206335
-0.523599,1.5708,-0.00221331
-0.523599,1.78024,-0.00218457
-0.523599,1.98968,-0.00212587
-0.523599,2.19911,-0.00240532
-0.523599,2.40855,-0.00130326
-0.523599,2.61799,-0.00110663
-0.523599,2.82743,-0.000601322
-0.523599,3.03687,-0.00049412
-0.314159,-3.03687,-0.000701336
-0.314159,-2.82743,-0.000246067
-0.314159,-2.61799,-0.000695292
-0.314159,-2.40855,-0.00126276
-0.314159,-2.19911,-0.00170477
-0.314159,-1.98968,-0.00206404
-0.314159,-1.78024,-0.00231739
-0.314159,-1.5708,-0.00199985
-0.314159,-1.36136,-0.00176564
-0.314159,-1.15192,-0.00192048
-0.314159,-0.942478,-0.00172733
-0.314159,-0.733038,-0.00153723
-0.314159,-0.523599,-0.00134039
-0.314159,-0.314159,-0.00147428
-0.314159,-0.10472,-0.0013035
-0.314159,0.10472,-0.00125054
-0.314159,0.314159,-0.00126566
-0.314159,0.523599,-0.00129547
-0.314159,0.733038,-0.00152975
-0.314159,0.942478,-0.00170921
-0.314159,1.15192,-0.00174259
-0.314159,1.36136,-0.0020142
-0.314159,1.5708,-0.00178586
-0.314159,1.78024,-0.00226273
-0.314159,1.98968,-0.00206
-0.314159,2.19911,-0.00204197
-0.314159,2.40855,-0.00137117
-0.314159,2.61799,-0.00129752
-0.314159,2.82743,-0.00095387
-0.314159,3.03687,-0.000742897
-0.10472,-3.03687,-0.00052818
-0.10472,-2.82743,-0.000850135
-0.10472,-2.61799,-0.0011563
-0.10472,-2.40855,-0.0013977
-0.10472,-2.19911,-0.00185743
-0.10472,-1.98968,-0.00236164
-0.10472,-1.78024,-0.001986
-0.10472,-1.5708,-0.0021613
-0.10472,-1.36136,-0.00193183
-0.10472,-1.15192,-0.00164417
-0.10472,-0.942478,-0.00157415
-0.10472,-0.733038,-0.00152433
-0.10472,-0.523599,-0.00138194
-0.10472,-0.314159,-0.00136523
-0.10472,-0.10472,-0.0013203
-0.10472,0.10472,-0.00129545
-0.10472,0.314159,-0.00142566
-0.10472,0.523599,-0.00127555
-0.10472,0.733038,-0.00136864
-0.10472,0.942478,-0.00136385
-0.10472,1.15192,-0.00173119
-0.10472,1.36136,-0.001945
-0.10472,1.5708,-0.00203468
-0.10472,1.78024,-0.00207565
-0.10472,1.98968,-0.00180515
-0.10472,2.19911,-0.0017332
-0.10472,2.40855,-0.00147327
-0.10472,2.61799,-0.00150318
-0.10472,2.82743,-0.000956061
-0.10472,3.03687,-0.000624893
0.10472,-3.03687,-0.000745088
0.10472,-2.82743,-0.000814656
0.10472,-2.61799,-0.000605215
0.10472,-2.40855,-0.0013675
0.10472,-2.19911,-0.00183104
0.10472,-1.98968,-0.00233003
0.10472,-1.78024,-0.00199289
0.10472,-1.5708,-0.00222623
0.10472,-1.36136,-0.00206153
0.10472,-1.15192,-0.00183402
0.10472,-0.942478,-0.00159266
0.10472,-0.733038,-0.00153942
0.10472,-0.523599,-0.00134357
0.10472,-0.314159,-0.00119856
0.10472,-0.10472,-0.00136595
0.10472,0.10472,-0.00124099
0.10472,0.314159,-0.00139723
0.10472,0.523599,-0.00140156
0.10472,0.733038,-0.00146854
0.10472,0.942478,-0.00137631
0.10472,1.15192,-0.0013761
0.10472,1.36136,-0.00182079
0.10472,1.5708,-0.00199938
0.10472,1.78024,-0.0020228
0.10472,1.98968,-0.00204236
0.10472,2.19911,-0.00205633
0.10472,2.40855,-0.00162116
0.10472,2.61799,-0.0013766
0.10472,2.82743,-0.000841466
0.10472,3.03687,-0.000332591
0.314159,-3.03687,-0.00045869
0.314159,-2.82743,-0.00052146
0.314159,-2.61799,-0.00119407
0.314159,-2.40855,-0.00122123
0.314159,-2.19911,-0.00177971
0.314159,-1.98968,-0.00194222
0.314159,-1.78024,-0.00197956
0.314159,-1.5708,-0.00221492
0.314159,-1.36136,-0.00232655
0.314159,-1.15192,-0.00196263
0.314159,-0.942478,-0.00168761
0.314159,-0.733038,-0.00142136
0.314159,-0.523599,-0.00141367
0.314159,-0.314159,-0.00135863
0.314159,-0.10472,-0.0013802
0.314159,0.10472,-0.00128474
0.314159,0.314159,-0.00132144
0.314159,0.523599,-0.00131458
0.314159,0.733038,-0.00155776
0.314159,0.942478,-0.00160672
0.314159,1.15192,-0.00178337
0.314159,1.36136,-0.00185875
0.314159,1.5708,-0.00192447
0.314159,1.78024,-0.00187512
0.314159,1.98968,-0.00208985
0.314159,2.19911,-0.00198065
0.314159,2.40855,-0.00161261
0.314159,2.61799,-0.000934224
0.314159,2.82743,-0.00032262
0.314159,3.03687,-0.000478935
0.523599,-3.03687,-8.36224e-06
0.523599,-2.82743,-0.00042878
0.523599,-2.61799,-0.000386241
0.523599,-2.40855,-0.00138826
0.523599,-2.19911,-0.00144282
0.523599,-1.98968,-0.00212529
0.523599,-1.78024,-0.00218788
0.523599,-1.5708,-0.0019689
0.523599,-1.36136,-0.00218876
0.523599,-1.15192,-0.00207665
0.523599,-0.942478,-0.0018331
0.523599,-0.733038,-0.00174624
0.523599,-0.523599,-0.00137038
0.523599,-0.314159,-0.00138781
0.523599,-0.10472,-0.0014377
0.523599,0.10472,-0.00137672
0.523599,0.314159,-0.00136917
0.523599,0.523599,-0.00151765
0.523599,0.733038,-0.00163515
0.523599,0.942478,-0.00160441
0.523599,1.15192,-0.00184486
0.523599,1.36136,-0.00197182
0.523599,1.5708,-0.00208806
0.523599,1.78024,-0.00199082
0.523599,1.98968,-0.00200103
0.523599,2.19911,-0.00200289
0.523599,2.40855,-0.00174332
0.523599,2.61799,-0.000855113
0.523599,2.82743,-0.000308673
0.523599,3.03687,-0.000393613
0.733038,-3.03687,0.000256644
0.733038,-2.82743,0.000506059
0.733038,-2.61799,9.9467e-06
0.733038,-2.40855,-0.000789478
0.733038,-2.19911,-0.00163774
0.733038,-1.98968,-0.00215127
0.733038,-1.78024,-0.00194281
0.733038,-1.5708,-0.00208232
0.733038,-1.36136,-0.00196561
0.733038,-1.15192,-0.00210727
0.733038,-0.942478,-0.00175982
0.733038,-0.733038,-0.00174071
0.733038,-0.523599,-0.00160218
0.733038,-0.314159,-0.0014805
0.733038,-0.10472,-0.00144261
0.733038,0.10472,-0.00154549
0.733038,0.314159,-0.00154798
0.733038,0.523599,-0.00159456
0.733038,0.733038,-0.00169211
0.733038,0.942478,-0.00176141
0.733038,1.15192,-0.00199816
0.733038,1.36136,-0.00199049
0.733038,1.5708,-0.00226408
0.733038,1.78024,-0.00191987
0.733038,1.98968,-0.00207514
0.733038,2.19911,-0.00187138
0.733038,2.40855,-0.000865456
0.733038,2.61799,-0.000444202
0.733038,2.82743,-0.000301087
0.733038,3.03687,0.000246438
0.942478,-3.03687,0.000608507
0.942478,-2.82743,0.00093437
0.942478,-2.61799,0.00070355
0.942478,-2.40855,-0.000584647
0.942478,-2.19911,-0.00160546
0.942478,-1.98968,-0.00188464
0.942478,-1.78024,-0.00232482
0.942478,-1.5708,-0.0022888
0.942478,-1.36136,-0.00215141
0.942478,-1.15192,-0.00198823
0.942478,-0.942478,-0.00178735
0.942478,-0.733038,-0.00175761
0.942478,-0.523599,-0.00196934
0.942478,-0.314159,-0.00165782
0.942478,-0.10472,-0.00163238
0.942478,0.10472,-0.00163709
0.942478,0.314159,-0.00176632
0.942478,0.523599,-0.00156785
0.942478,0.733038,-0.00189591
0.942478,0.942478,-0.00176695
0.942478,1.15192,-0.0018815
0.942478,1.36136,-0.0023326
0.942478,1.5708,-0.00228335
0.942478,1.78024,-0.00195128
0.942478,1.98968,-0.00194413
0.942478,2.19911,-0.00133945
0.942478,2.40855,-0.000883082
0.942478,2.61799,2.87799e-05
0.942478,2.82743,0.000319146
0.942478,3.03687,0.000671569
1.15192,-3.03687,0.000937279
1.15192,-2.82743,0.00168747
1.15192,-2.61799,0.000720384
1.15192,-2.40855,-5.94535e-05
1.15192,-2.19911,-0.00101237
1.15192,-1.98968,-0.0016466
1.15192,-1.78024,-0.00228552
1.15192,-1.5708,-0.00208861
1.15192,-1.36136,-0.00213753
1.15192,-1.15192,-0.00208375
1.15192,-0.942478,-0.00171197
1.15192,-0.733038,-0.00192982
1.15192,-0.523599,-0.00218737
1.15192,-0.314159,-0.00174775
1.15192,-0.10472,-0.00176516
1.15192,0.10472,-0.00166144
1.15192,0.314159,-0.00189198
1.15192,0.523599,-0.00186562
1.15192,0.733038,-0.00215262
1.15192,0.942478,-0.00235429
1.15192,1.15192,-0.00215058
1.15192,1.36136,-0.0020863
1.15192,1.5708,-0.00184812
1.15192,1.78024,-0.00195866
1.15192,1.98968,-0.00155382
1.15192,2.19911,-0.00119761
1.15192,2.40855,-0.00096664
1.15192,2.61799,-0.000116126
1.15192,2.82743,-0.000138813
1.15192,3.03687,0.000989435
1.36136,-3.03687,0.00182864
1.36136,-2.82743,0.00205666
1.36136,-2.61799,0.00205556
1.36136,-2.40855,0.00129442
1.36136,-2.19911,4.80848e-06
1.36136,-1.98968,-0.00159572
1.36136,-1.78024,-0.00175226
1.36136,-1.5708,-0.00173399
1.36136,-1.36136,-0.00210613
1.36136,-1.15192,-0.00234326
1.36136,-0.942478,-0.00200353
1.36136,-0.733038,-0.00243195
1.36136,-0.523599,-0.00235183
1.36136,-0.314159,-0.00196457
1.36136,-0.10472,-0.00169001
1.36136,0.10472,-0.00148584
1.36136,0.314159,-0.00200967
1.36136,0.523599,-0.00191806
1.36136,0.733038,-0.00192299
1.36136,0.942478,-0.00195577
1.36136,1.15192,-0.0020561
1.36136,1.36136,-0.00150219
1.36136,1.5708,-0.00186007
1.36136,1.78024,-0.00123004
1.36136,1.98968,-0.000946606
1.36136,2.19911,-0.000595515
1.36136,2.40855,-0.000149748
1.36136,2.61799,0.000173408
1.36136,2.82743,0.0011284
1.36136,3.03687,0.00131664
1.5708,-3.03687,0.00243697
1.5708,-2.82743,0.00278735
1.5708,-2.61799,0.00300954
1.5708,-2.40855,0.00253959
1.5708,-2.19911,0.00142852
1.5708,-1.98968,0.000331664
1.5708,-1.78024,-0.00126627
1.5708,-1.5708,-0.00164004
1.5708,-1.36136,-0.00188443
1.5708,-1.15192,-0.00243392
1.5708,-0.942478,-0.00243605
1.5708,-0.733038,-0.00220907
1.5708,-0.523599,-0.0021512
1.5708,-0.314159,-0.00201154
1.5708,-0.10472,-0.00202485
1.5708,0.10472,-0.00169677
1.5708,0.314159,-0.00213667
1.5708,0.523599,-0.00198134
1.5708,0.733038,-0.00234222
1.5708,0.942478,-0.00234516
1.5708,1.15192,-0.00160862
1.5708,1.36136,-0.00168153
1.5708,1.5708,-0.000885268
1.5708,1.78024,-0.000560432
1.5708,1.98968,-0.000255338
1.5708,2.19911,9.64595e-06
1.5708,2.40855,-6.33626e-06
1.5708,2.61799,0.000878929
1.5708,2.82743,0.000910672
1.5708,3.03687,0.00173603
1.78024,-3.03687,0.00277301
1.78024,-2.82743,0.00297161
1.78024,-2.61799,0.00301863
1.78024,-2.40855,0.00320853
1.78024,-2.19911,0.0021352
1.78024,-1.98968,0.00175
1.78024,-1.78024,-6.63092e-05
1.78024,-1.5708,-0.00123279
1.78024,-1.36136,-0.00211219
1.78024,-1.15192,-0.0023914
1.78024,-0.942478,-0.00224151
1.78024,-0.733038,-0.00202144
1.78024,-0.523599,-0.00211616
1.78024,-0.314159,-0.00194502
1.78024,-0.10472,-0.00175519
1.78024,0.10472,-0.00184498
1.78024,0.314159,-0.00219204
1.78024,0.523599,-0.00200227
1.78024,0.733038,-0.00207372
1.78024,0.942478,-0.00226423
1.78024,1.15192,-0.00214267
1.78024,1.36136,-0.00135525
1.78024,1.5708,-0.000849601
1.78024,1.78024,0.000935276
1.78024,1.98968,0.0016203
1.78024,2.19911,0.00183635
1.78024,2.40855,0.00199096
1.78024,2.61799,0.00188474
1.78024,2.82743,0.00101261
1.78024,3.03687,0.0020412
1.98968,-3.03687,0.00288091
1.98968,-2.82743,0.00376875
1.98968,-2.61799,0.00310919
1.98968,-2.40855,0.00328761
1.98968,-2.19911,0.00326195
1.98968,-1.98968,0.00285288
1.98968,-1.78024,0.00054557
1.98968,-1.5708,-5.75979e-05
1.98968,-1.36136,-0.00136909
1.98968,-1.15192,-0.00215628
1.98968,-0.942478,-0.00207246
1.98968,-0.733038,-0.00183373
1.98968,-0.523599,-0.00219079
1.98968,-0.314159,-0.00224969
1.98968,-0.10472,-0.00211627
1.98968,0.10472,-0.00209078
1.98968,0.314159,-0.00226382
1.98968,0.523599,-0.00204346
1.98968,0.733038,-0.00185832
1.98968,0.942478,-0.00201197
1.98968,1.15192,-0.00146176
1.98968,1.36136,-0.000850803
1.98968,1.5708,-8.44237e-05
1.98968,1.78024,0.00214751
1.98968,1.98968,0.00404659
1.98968,2.19911,0.00473814
1.98968,2.40855,0.00434053
1.98968,2.61799,0.00347634
1.98968,2.82743,0.00286413
1.98968,3.03687,0.0021064
2.19911,-3.03687,0.00247995
2.19911,-2.82743,0.00340107
2.19911,-2.61799,0.00370797
2.19911,-2.40855,0.00343216
2.19911,-2.19911,0.00367344
2.19911,-1.98968,0.00324895
2.19911,-1.78024,0.00259103
2.19911,-1.5708,0.00078426
2.19911,-1.36136,-1.52112e-05
2.19911,-1.15192,-0.00176447
2.19911,-0.942478,-0.00161349
2.19911,-0.733038,-0.00184235
2.19911,-0.523599,-0.0020712
2.19911,-0.314159,-0.00224761
2.19911,-0.10472,-0.00207416
2.19911,0.10472,-0.00184797
2.19911,0.314159,-0.00180346
2.19911,0.523599,-0.00191991
2.19911,0.733038,-0.00155542
2.19911,0.942478,-0.00126813
2.19911,1.15192,-0.000410572
2.19911,1.36136,-0.000505288
2.19911,1.5708,0.000441383
2.19911,1.78024,0.00206966
2.19911,1.98968,0.00464671
2.19911,2.19911,0.00740824
2.19911,2.40855,0.0075364
2.19911,2.61799,0.00491323
2.19911,2.82743,0.00329383
2.19911,3.03687,0.00359585
2.40855,-3.03687,0.00303972
2.40855,-2.82743,0.00217687
2.40855,-2.61799,0.00273752
2.40855,-2.40855,0.00296422
2.40855,-2.19911,0.00298931
2.40855,-1.98968,0.00364411
2.40855,-1.78024,0.00348783
2.40855,-1.5708,0.00236764
2.40855,-1.36136,0.000945243
2.40855,-1.15192,-0.00045943
2.40855,-0.942478,-0.00113771
2.40855,-0.733038,-0.0015018
2.40855,-0.523599,-0.00170017
2.40855,-0.314159,-0.00206495
2.40855,-0.10472,-0.00219817
2.40855,0.10472,-0.0012689
2.40855,0.314159,-0.00119181
2.40855,0.523599,-0.0013971
2.40855,0.733038,-0.00110471
2.40855,0.942478,-0.000987489
2.40855,1.15192,-0.000442527
2.40855,1.36136,-7.9672e-06
2.40855,1.5708,0.000683615
2.40855,1.78024,0.00136213
2.40855,1.98968,0.00406894
2.40855,2.19911,0.00741652
2.40855,2.40855,0.00964928
2.40855,2.61799,0.00782838
2.40855,2.82743,0.00671113
2.40855,3.03687,0.00527499
2.61799,-3.03687,0.0046405
2.61799,-2.82743,0.00207556
2.61799,-2.61799,0.00213326
2.61799,-2.40855,0.00170316
2.61799,-2.19911,0.00265616
2.61799,-1.98968,0.00287782
2.61799,-1.78024,0.00303313
2.61799,-1.5708,0.00267046
2.61799,-1.36136,0.00229843
2.61799,-1.15192,0.000709736
2.61799,-0.942478,-0.000325136
2.61799,-0.733038,-0.000987004
2.61799,-0.523599,-0.0012032
2.61799,-0.314159,-0.00142725
2.61799,-0.10472,-0.0012348
2.61799,0.10472,-0.00120556
2.61799,0.314159,-0.00116218
2.61799,0.523599,-0.00092298
2.61799,0.733038,-0.000996709
2.61799,0.942478,-0.000614729
2.61799,1.15192,0.000455637
2.61799,1.36136,0.000307909
2.61799,1.5708,0.00059745
2.61799,1.78024,0.00137461
2.61799,1.98968,0.0031844
2.61799,2.19911,0.00539281
2.61799,2.40855,0.0078087
2.61799,2.61799,0.00892465
2.61799,2.82743,0.00751655
2.61799,3.03687,0.00639847
2.82743,-3.03687,0.00586067
2.82743,-2.82743,0.00359491
2.82743,-2.61799,0.00218512
2.82743,-2.40855,0.00154191
2.82743,-2.19911,0.00216623
2.82743,-1.98968,0.00218937
2.82743,-1.78024,0.00270736
2.82743,-1.5708,0.00273209
2.82743,-1.36136,0.00172234
2.82743,-1.15192,0.00128056
2.82743,-0.942478,0.000375677
2.82743,-0.733038,-0.000510758
2.82743,-0.523599,-0.0006322
2.82743,-0.314159,-0.000954864
2.82743,-0.10472,-0.000681346
2.82743,0.10472,-0.00130561
2.82743,0.314159,-0.000887805
2.82743,0.523599,-0.00076725
2.82743,0.733038,-0.000386965
2.82743,0.942478,0.000227747
2.82743,1.15192,0.000985468
2.82743,1.36136,0.000544869
2.82743,1.5708,0.00122329
2.82743,1.78024,0.00222869
2.82743,1.98968,0.00228791
2.82743,2.19911,0.00435705
2.82743,2.40855,0.00630709
2.82743,2.61799,0.00713425
2.82743,2.82743,0.00788585
2.82743,3.03687,0.00660499
3.03687,-3.03687,0.00676293
3.03687,-2.82743,0.00549434
3.03687,-2.61799,0.00306694
3.03687,-2.40855,0.0017446
3.03687,-2.19911,0.00144374
3.03687,-1.98968,0.00139387
3.03687,-1.78024,0.00194607
3.03687,-1.5708,0.00187038
3.03687,-1.36136,0.00213006
3.03687,-1.15192,0.00170814
3.03687,-0.942478,0.000570764
3.03687,-0.733038,0.000100158
3.03687,-0.523599,3.6168e-05
3.03687,-0.314159,-0.000394492
3.03687,-0.10472,-0.000733724
3.03687,0.10472,-0.00107527
3.03687,0.314159,-0.00111756
3.03687,0.523599,-0.000520399
3.03687,0.733038,-5.56966e-05
3.03687,0.942478,0.000203244
3.03687,1.15192,0.000656052
3.03687,1.36136,0.00097052
3.03687,1.5708,0.0018468
3.03687,1.78024,0.0024448
3.03687,1.98968,0.00220137
3.03687,2.19911,0.00314354
3.03687,2.40855,0.00423307
3.03687,2.61799,0.00613585
3.03687,2.82743,0.00710406
3.03687,3.03687,0.00639919
