relative_path	bytes	sha256
RAW_DATA_INDEX.md	2593	85c1a3f24e2a2f1d4afda02ae1ede9d959161bd476b5b09c6fc7c08fd5d74aef
README.md	2572	1f0b00f9fd1a16c6caa63bbb262b6ac930ba848de11aa379d7db217368249270
REPRODUCE.md	3372	ba2269de3644494c6cf35bd08ebfdf4fc27e73cd178eb4a4edff488bdb306ccf
code/direct_sampling/NLS_entropy_ft.cpp	36215	98e7f8f5f915c8ce02bd8aa10722025c09fd739184b981961692869c9356c0d3
code/direct_sampling/analyze_action_tail_time_scaling.py	6327	6cdcdafe6207c1d6b9aa647770388767ecb057c8f466d70881eeca4bfa80d733
code/direct_sampling/analyze_entropy_ft.py	37639	4b6bf9dde6bf8e401b0bb30a76000f1342f960eca4dfa4829d9f81124337a9ab
code/direct_sampling/analyze_ft_adaptive_bins.py	12341	8b626edd082223468fff80c73fc2a432193a5c605bbe770497ad4cc8e6a1d4da
code/direct_sampling/audit_entropy_ft_analysis.py	29221	f775675e91173f7c3dfb7003063ef8d606a9b40f8a1244db0b213cf32643f760
code/direct_sampling/audit_entropy_ft_run.py	12096	f13800455b198d30173a55807611f1d354f9679a90072d6bf6421bce623a9da4
code/direct_sampling/build_entropy_ft_report.py	27372	0fb5889132dc288696e6215060fad1270947e447ed5047cbf275b9873442ef94
code/direct_sampling/finalize_entropy_ft_run.sh	4919	910eb15f5d3c5330461f04ca9329edd37bf0c903a938e01f64164917c4c6b4f0
code/direct_sampling/plot_entropy_ft_supplement.py	19250	296de0adb37fccf8f5b69ac1d3493824687e5ffed8f45ca9f2076c5fc47e52cc
code/direct_sampling/run_entropy_ft_production.sh	3000	de6d62e16496cdb70a810f70e46b3b759d99b3a1f19b3d4a948ea589f3010a00
code/discrete_path/NLS_discrete_path_ft.cpp	26900	758e536fd1928b8b545e822102b875217ca33cab84d817fa52e7610bd19ca249
code/discrete_path/analyze_discrete_path_ft.py	14007	57441beb3095949675a8fae0e47c866482ace9b7d666dfbb498d95f4764b8b9e
code/discrete_path/summarize_discrete_path_ft.py	5818	72d3b7f4193bbe1c78bbbe946da823e999e991870570e2a4b18a1fffde103383
code/long_chain_scgf/NLS_entropy_cloning.cpp	59248	bc3c27bf62a45aa879c4a8fd3e4d70fe7bdf1e3bcb0d06c0318826e61e615b6d
code/long_chain_scgf/analyze_entropy_cloning.py	10798	57da22947a81e06b391db5d0edb29d2b309ccca03308ed1ef85783cf10794f2f
code/long_chain_scgf/analyze_entropy_gauge_convergence.py	7323	c335327aaa83ace8b7343720f02f409dea7969faeb49f98d8af051db57bd6e9e
code/long_chain_scgf/analyze_long_chain_ft.py	22230	2b681e913521e26fc7ca78f80eccc64a683ca7707c36177363c1cabf094d6cee
code/long_chain_scgf/analyze_long_chain_ft_controls.py	7906	7f3f20442d15ef175f3a667f8bc7f330534447bc60ac0c7db4d051fd13b6c294
code/long_chain_scgf/audit_entropy_cloning.py	16637	317d0b4b582299414880290ab23caf7eaa61e5695cc7163e66db8c148e4a7512
code/long_chain_scgf/summarize_long_chain_ft.py	8970	97365b48968971272af87ca165e1d78990197510f942355bc3ef841844bca4ec
code/long_chain_scgf/summarize_long_chain_ft_controls.py	3764	bc9c7ba65bc7597626248bc1d6e9258597ba7161fd32e7a502d3b4d86992a041
code/n2_total_entropy/analyze_total_entropy_n2.py	21055	b903b1a81fd209bb84cae4623d58556bf911d20b526175138ab58d55ed90bbdd
code/n2_total_entropy/analyze_total_entropy_parametric_n2.py	13291	316c99efdb988e518e539cbd5254fd9a27a0104bea37e54580199f19fb7bf9d1
code/n2_total_entropy/audit_total_entropy_n2.py	8252	1ec41526f322d5925aac717cde9c3d3ec4a712a825c9b905bb915af9d595826c
code/n2_total_entropy/audit_total_entropy_parametric_n2.py	8441	7b7bad18d95ddbbcb702810bdc6c87f18634c4a390cc703a657f8afab7d31673
figures/action_tail_normal_fit_n10_t20.png	185420	7e7592a73417de02baf4701cc69673ad1353976260f99534394ed4f29587c65e
figures/action_tail_normal_fit_n20_t20.png	179316	3db6e6ee10cad910ba44170394e3a71176d18237e9d617da7ba1e5351ad27b7f
figures/action_tail_normal_fit_n30_t20.png	180002	aca540240ac7eb97a86d6b91a5909ddc97c5ca7b14271eb9fc5d4971b1adc745
figures/action_tail_normal_fit_n40_t20.png	181281	0defbd8539742c6ad81036277be68192fc07ae01cc3168f63fde55fe9089e344
figures/action_tail_time_scaling_n30.png	114494	2f8b0c19a58104c1eb3cd0e8a76a414417f40f15f82035cf40253ce2f67e3ba9
figures/direct_time_dependence_n30.png	264528	b527bc049fbccf285fbd73057537e85765662cde4dd33cdc2f393ff1d6ea8382
figures/discrete_path_ft.png	106737	621980a3fa8c9ca490617259fe6315e8fc2890d665d7f309688696a2f472f284
figures/entropy_pdf_symmetry_n10.png	136927	bfe25784f7861d0ee9a56318ee8d1e6b1c899b59d312634c7b41680dfd84aab9
figures/entropy_pdf_symmetry_n20.png	145519	00ce6213f7aed91ca62847df8486039a354be09cff7e95b9f11ead70e149a409
figures/entropy_pdf_symmetry_n30.png	137571	fa17221ff32fe0fc71cc7d84ab2e4c701b83db7af839a956648ce4d1c6d57a29
figures/entropy_pdf_symmetry_n40.png	130544	1f294594c99f9da87416227720cb9eab23bd974d7aaeaefa294f022f02962167
figures/kernel_heat_timestep_convergence.png	134436	342c36d17eb89cd596c172fe5c79a3393da2916a5f8f303ae930830e1506d8c8
figures/n2_total_entropy_ft.png	153822	535d01db1da604c86c255ed0a9a9b097bcdbd75a1c6ada7c4060220f58d4ba97
figures/n30_gc_convergence.png	69118	28ae9de8b44f7a3e5c167a41748dd691cdf7dfc39fee0856b48b712065eae2f1
mentor_round2_ft_report.pdf	1355659	3971067510b9651c73bb8519a4c0fe059c2ca2353b5a5abee920eaf6f75a7780
mentor_round2_ft_report.tex	21186	652aa0f9eea2439edd82263858f810197c041926a31432d9085c1c1795c5a02a
protocols/DIRECT_SAMPLING_README.md	11714	f9c38d15b3bf8ef4ec7cdd71b0b64696f5d7bb669aa5c57ec1bab36e5d38643d
protocols/direct_sampling_production_manifest.txt	517	a9402f629abe909d1775e9538adf08657a5d68942d124926551d559b2a07a1fa
results/direct_sampling/MENTOR_SUMMARY.md	6158	2a130814f2eb05b39305242678c5bef08e2fc2e2a07ed74236fc5e4e909080ad
results/direct_sampling/PAPER_SECTION_CANDIDATE.tex	5208	75da1f21e02c958c0202f82146bf7073dd0ace4fb40eb9769dcd808e05d6edab
results/direct_sampling/README.md	1886	7aabc83ce808f55ab830994aeb00d31401e71d9cbcbb1ce2e4df471de553288c
results/direct_sampling/SHA256SUMS.txt	5008	38b857036dd53a1ac5cda37e1158214f1d673167880e9048eb179e4de792c021
results/direct_sampling/action_normal_tail_fit_metrics.csv	10737	f90c697776f9737f0c60f1e2561971ae37ef04a91042f770f3ef613bd5d6a189
results/direct_sampling/action_symmetry_summary.csv	11821	73bb62b60cbccbe89f68dc66700bdb971d72fc36c561163322adf65c46382bee
results/direct_sampling/action_tail_time_scaling.csv	11880	ff148816e9cb985aedc2c667f9ae22de2285f99249852f3840579e6922c6460f
results/direct_sampling/adaptive_symmetry_summary.csv	29949	6b6c211fcb2165efbefb49455e77984719be1dd330dd2cd18f4c71f7521ccc5e
results/direct_sampling/analysis_audit.md	361	77774ba3991328eb9fa0af92fc2d5f526003bc3ede16ecf8f2fed5db8fa273f5
results/direct_sampling/coupling_summary.csv	10748	2f103e3bc43d8d28c0d7a94f6e0b129ba72f79c0450372d1d73d56b1f66646c4
results/direct_sampling/entropy_ft_report.pdf	733833	5a911e47baaa2331e139e40cdf793f84df2ee54cf09dcf02e63c3d3ca56efb4c
results/direct_sampling/figures/action_tail_normal_fit_n10_t20.png	185420	7e7592a73417de02baf4701cc69673ad1353976260f99534394ed4f29587c65e
results/direct_sampling/figures/action_tail_normal_fit_n20_t20.png	179316	3db6e6ee10cad910ba44170394e3a71176d18237e9d617da7ba1e5351ad27b7f
results/direct_sampling/figures/action_tail_normal_fit_n30_t20.png	180002	aca540240ac7eb97a86d6b91a5909ddc97c5ca7b14271eb9fc5d4971b1adc745
results/direct_sampling/figures/action_tail_normal_fit_n40_t20.png	181281	0defbd8539742c6ad81036277be68192fc07ae01cc3168f63fde55fe9089e344
results/direct_sampling/figures/action_tail_time_scaling_n10.png	110223	678e08e7c92c6d0981bce07618226dad32d16a5e41db7baa0df61e1582f68428
results/direct_sampling/figures/action_tail_time_scaling_n20.png	105545	65d383cace456bfd2d497c39dfc470dea800c04c77d5dce7c4fa856bc7b4daee
results/direct_sampling/figures/action_tail_time_scaling_n30.png	114494	2f8b0c19a58104c1eb3cd0e8a76a414417f40f15f82035cf40253ce2f67e3ba9
results/direct_sampling/figures/action_tail_time_scaling_n40.png	116372	ad2006a852f547b54776f02c090728739250a7fe48e87f86b97eb6f710d5dbf2
results/direct_sampling/figures/entropy_pdf_symmetry_n10.png	136927	bfe25784f7861d0ee9a56318ee8d1e6b1c899b59d312634c7b41680dfd84aab9
results/direct_sampling/figures/entropy_pdf_symmetry_n20.png	145519	00ce6213f7aed91ca62847df8486039a354be09cff7e95b9f11ead70e149a409
results/direct_sampling/figures/entropy_pdf_symmetry_n30.png	137571	fa17221ff32fe0fc71cc7d84ab2e4c701b83db7af839a956648ce4d1c6d57a29
results/direct_sampling/figures/entropy_pdf_symmetry_n40.png	130544	1f294594c99f9da87416227720cb9eab23bd974d7aaeaefa294f022f02962167
results/direct_sampling/figures/time_dependence_summary_n10.png	236017	205ab544ac5277b380ccef5292827ebd5d988523b06907ef2a151ad2a23e5fb3
results/direct_sampling/figures/time_dependence_summary_n20.png	243034	5f6297514d1afaa62616dd72f3de9a5f3e8115e2353b24fd3aae8fb044409dda
results/direct_sampling/figures/time_dependence_summary_n30.png	264528	b527bc049fbccf285fbd73057537e85765662cde4dd33cdc2f393ff1d6ea8382
results/direct_sampling/figures/time_dependence_summary_n40.png	245831	05f2e88e0740a052d78821a72ebf0a31adf99d9dbbc742fb5b6e033fc39a377d
results/direct_sampling/finalization_manifest.txt	1246	a0c2bc10ce4566a371ab4d8a27bff75bae2bb0612a94647df1f6d96852d69846
results/direct_sampling/ft_summary.csv	13013	d1d272d8c4c40f276b3e1a6818709cfe4a4c8d529c93c73ca583aad8be6c29a1
results/direct_sampling/heat_symmetry_summary.csv	11292	5b3b3658a47e688a66e77877bc1456436e6ec13327052a6a1cefecc2b4225cdf
results/direct_sampling/negative_probability_vs_time.csv	17400	6a0763558ac43b99aedb982d9563170306986b4a7b3b0510134a376883cc1065
results/direct_sampling/production_means.csv	567	8907732bf7fb9823463a7071f7f7c86359b192b787289643ead91f1c829f4f4f
results/direct_sampling/raw_audit.md	770	bdf9876ba665a8353abd3e5f386ddfe3cf5119f1d9d1bd9dabea333812094c23
results/direct_sampling/raw_blocks_sha256.txt	640	a29e0dbf4dd29bcc46673e6fc5d6cc0995f5c97e518f576d405b94d66e40917d
results/direct_sampling/stationarity_summary.csv	26359	372da4e7ce88e18bfc01961cedeab314ba4e3190f94efe773e7d1adf3b15669d
results/discrete_path/README.md	2056	9c23abc1a67961472829739cd390f925f7ff222bc4485497e9a4b151ed4e5b22
results/discrete_path/SOURCE_MANIFEST.sha256	1288	87e8e8b770494822aeaa843b2534e1e488667523e3138cdf5594741596860b79
results/discrete_path/STATUS.md	2035	74a6bf9b79c79c72589f1e088b76160c5f260599d262df02802084e3ffd9954e
results/discrete_path/convergence/kernel_heat_timestep_convergence.pdf	21325	c6a667bc060367a6a563877d82060602de08cb00220266597887d91fe7e07a04
results/discrete_path/convergence/kernel_heat_timestep_convergence.png	134436	342c36d17eb89cd596c172fe5c79a3393da2916a5f8f303ae930830e1506d8c8
results/discrete_path/convergence/timestep_convergence.csv	1327	de1a1bdec08311a1a627f97b1a7b3570def3a3aa0d5a702a6317d338146ce838
results/discrete_path/convergence/timestep_convergence.json	399	2b529579c3f7abc2d6c0435690e15a400e116deef1b3b7add3bcec9a4e9201f7
results/discrete_path/convergence/timestep_convergence.md	296	9d252e2cff43b0879e78e9bef84b88f8f086668d07c8dc15abca7151c1354ecf
results/discrete_path/driven_t0p1_dt1e3_N1m_analysis/audit.json	2320	83c53f81c751c4a3508e612551a2352b7b19e82e643fe03e68f6cde4f3d8203c
results/discrete_path/driven_t0p1_dt1e3_N1m_analysis/audit.md	640	398c467698c69fca23de48342fcaeb864841ed2e05daca9618e62bf32567c4b1
results/discrete_path/driven_t0p1_dt1e3_N1m_analysis/crooks_bins.csv	7844	32a1b0540ec536052a16cf79193de13c2aa8392ef1f2c615698f1dded782ef09
results/discrete_path/driven_t0p1_dt1e3_N1m_analysis/discrete_path_ft.pdf	25374	6727190056a734259a34c56d643ceadf03f485be5b6c315b16edcb80fbc73707
results/discrete_path/driven_t0p1_dt1e3_N1m_analysis/discrete_path_ft.png	106737	621980a3fa8c9ca490617259fe6315e8fc2890d665d7f309688696a2f472f284
results/discrete_path/driven_t0p1_dt1e3_N1m_summary.csv	474	78b43304bbc0cce4f619bd918d3cc6d29ea6ce12cc96f33fc873be9725799064
results/long_chain_phase2/ANALYSIS_ERRATUM.md	980	eff377a75212f56b5f9c6c95b5e2161c7f6050e114ae66bc70ce2fd329357d18
results/long_chain_phase2/ENVIRONMENT.md	509	5c5e1a16eee68e53c4be87d7485b0472d2c79b150c5b5d752ba51c04b33ece48
results/long_chain_phase2/FINAL_SUMMARY.csv	994	bc4591483e36776129e0aa30efbf460e6ac62764d0a650f8bd78f1ade62ee40d
results/long_chain_phase2/FINAL_VERDICT.md	4353	fb61bf2009c12a814f62eb81ab391a23dcc892d6aae4b539b2b745d45b396dd6
results/long_chain_phase2/PRE_RUN_MANIFEST.sha256	1172	987d8e1aec7ef47bfeb11fc3a3d92aaec99b85d4a4ece3a5d546d8da1cb3bbf4
results/long_chain_phase2/PROTOCOL.md	4717	e3eb508274a1129a6135c1cb25946e17ff291b4cde870ba3d8f00dbb45c92a37
results/long_chain_phase2/README.md	1705	2d8c3ec7a6b9629f87fe3a614874944cede531a4033ec0623b48506474d0f874
results/long_chain_phase2/RUN_MATRIX.csv	594	fe1caeeb2d5b9400a496877641da5c435d113aa6f506594d2c7f017e4936fd53
results/long_chain_phase2/STAGE1_VERDICT.md	2185	5f9aad94988104a24ec6d1ab2cac9d68d3191d43cb648ea8021f508b1981e57b
results/long_chain_phase2/VALIDATION_REPORT.md	6148	dd2cb0c0f251704ac0fb0e2ca02ee5b6ba52332fb928e739aeb4053e942f2333
results/long_chain_phase2/analysis_final/n20_controls/audit.json	339	29f564a1c9e781505ea0f23c1080f01523f7621d0b8d61123db2e6f138e45e2b
results/long_chain_phase2/analysis_final/n20_controls/comparisons/audit.json	121	11eef1d874d546313d7ad06dddf66fa3253046f7d334a86525d67fd3c3db6671
results/long_chain_phase2/analysis_final/n20_controls/comparisons/control_members.csv	604	6514f94259599d59cd0f738fb489c50c8fb7e869b78b5563cc036bd4e0dc2bb7
results/long_chain_phase2/analysis_final/n20_controls/comparisons/control_pairs.csv	464	0650deafae0e89e38a39b625f115a5e16446eb2ef8b21a0916e34d77aea72089
results/long_chain_phase2/analysis_final/n20_controls/controlled_aggregate.csv	5153	463f73621137496c0f6eda9807ce0559e58d82680a70f5b0316760997e91b98c
results/long_chain_phase2/analysis_final/n20_controls/controlled_runs.csv	19958	1777622658349032218a1eda66b9f7a4ed72860a045d3b981451b2716210e432
results/long_chain_phase2/analysis_final/n20_controls/paired_gc_convergence_n20.png	52500	6dfcba0462136a6ce7d9b2916bf3fa448364024593f3a4ca68704d0cba202f20
results/long_chain_phase2/analysis_final/n20_controls/paired_gc_residuals.csv	2406	caa9eef2ba7b5c5f4c2619446349d98a928fe7fd57dc7f515ff250d2edcc9f61
results/long_chain_phase2/analysis_final/n20_controls/time_convergence_pairs.csv	759	00b791e69bd52bd5e53fbf144e96474315b096b2cfb9f5fc10aef76b7bec0af2
results/long_chain_phase2/analysis_final/n30_controls/audit.json	339	df000c0528faf70fed3aa99dd85f37d137cb8ae0ea88bab4bec0ef33c9c344b7
results/long_chain_phase2/analysis_final/n30_controls/comparisons/audit.json	121	11eef1d874d546313d7ad06dddf66fa3253046f7d334a86525d67fd3c3db6671
results/long_chain_phase2/analysis_final/n30_controls/comparisons/control_members.csv	604	8a73ece074782a25cc68dc2fb2f77540cb831dff162e29ffa952eb1aebb5a6fb
results/long_chain_phase2/analysis_final/n30_controls/comparisons/control_pairs.csv	465	938abcdf0f6a66ab6d312fb1b8cf0b9ef8f079989943ba2ef67bf33058177175
results/long_chain_phase2/analysis_final/n30_controls/controlled_aggregate.csv	5239	65ba2a70d319d453e30203535fb807a905eca0d8e7573cde9bd2a0c2b8fa061e
results/long_chain_phase2/analysis_final/n30_controls/controlled_runs.csv	20014	c45d8a093070f2fa0b4849d8f64857d91181f1a6601917658989ceaa9c508ddb
results/long_chain_phase2/analysis_final/n30_controls/paired_gc_convergence_n30.png	69118	28ae9de8b44f7a3e5c167a41748dd691cdf7dfc39fee0856b48b712065eae2f1
results/long_chain_phase2/analysis_final/n30_controls/paired_gc_residuals.csv	2423	68a83a262839ae3816aa1f02432d0260e7a149959297fb4479cf4dc9a0a5a478
results/long_chain_phase2/analysis_final/n30_controls/time_convergence_pairs.csv	764	b63336dd0144d4b1ef1b1c972b60e560c720de7c2a414b82b24e3ecd0f2721bb
results/long_chain_phase2/analysis_final/n30_population/audit.json	340	2ff599db767cbce41d9dc3f2a62dc7eb360bc3bca9b1a16f1cee7eece400f063
results/long_chain_phase2/analysis_final/n30_population/controlled_aggregate.csv	5223	3a6d29223f7f53f694b5b63534aaba3155a1ddf27b747539f4117b7410729172
results/long_chain_phase2/analysis_final/n30_population/controlled_runs.csv	20548	de2e32c22e1a8eade1496ebf3d03f97cc05d476b1c23e0d8a5529fc079e2b5dc
results/long_chain_phase2/analysis_final/n30_population/paired_gc_convergence_n30.png	73442	5dc5d6a8820814fe802c9fd782fb56b7b834896fbd421037c0e9956884db464a
results/long_chain_phase2/analysis_final/n30_population/paired_gc_residuals.csv	2419	7a21cc2e374095e1d0f1a8e51130c66bf4583a77da3b8ea0ce78f6b979bbfce3
results/long_chain_phase2/analysis_final/n30_population/population_convergence_members.csv	2095	d71f73233864f4c468d74a2b3421c33093061153638732b2881cfd6bc55192f8
results/long_chain_phase2/analysis_final/n30_population/population_convergence_pairs.csv	1184	a53e554a3b06573c4bad700b771caa4925a931e690eb2ee1538f3d7922ba3bdc
results/long_chain_phase2/analysis_final/n30_population/time_convergence_pairs.csv	767	e3f03741823cea16dc3c166f0d1bee51e196dd2408d3b130cfd5afea37b1272d
results/long_chain_phase2/analysis_final/n40_controls/audit.json	343	9ae1375f6d440e4dc2b589cc842b18f4131af2e9e49cd6260ad435b78155e711
results/long_chain_phase2/analysis_final/n40_controls/comparisons/audit.json	121	11eef1d874d546313d7ad06dddf66fa3253046f7d334a86525d67fd3c3db6671
results/long_chain_phase2/analysis_final/n40_controls/comparisons/control_members.csv	611	63087fc14e09185db30cd956745160e5c8b393003833eb77d67e30bcfbb0f031
results/long_chain_phase2/analysis_final/n40_controls/comparisons/control_pairs.csv	470	a35302e62a0df74006117ba17a9d69604230931254c39fb03633056dd96c5dee
results/long_chain_phase2/analysis_final/n40_controls/controlled_aggregate.csv	10128	498c4c6a03a08afac900d84cf333d4c0e3563973b632dbc7f65f76fbf5ddba44
results/long_chain_phase2/analysis_final/n40_controls/controlled_runs.csv	40480	610c5ca70956258a35e357ccfb3ac8f0cc8bb39b7ef05a4db0c080b526709836
results/long_chain_phase2/analysis_final/n40_controls/paired_gc_convergence_n40.png	71481	dc01fca9490559a983cd7336273980501a268a0920a6998ffdd5d80e6fe62cb8
results/long_chain_phase2/analysis_final/n40_controls/paired_gc_residuals.csv	4542	e4e759db23af5c17fb21b62761d2aa8d996113a7fefd2ea0ea6217bb6577133e
results/long_chain_phase2/analysis_final/n40_controls/time_convergence_pairs.csv	770	ae9fb0765c806f71ddd54ff4e08cf985e9680605b147f6851596483ac516c55e
results/long_chain_phase2/analyze_phase2.sh	2173	7036a31bdfb3be549739cbff9b085672b85b2d31308ba1a9343b67f5b79e6469
results/long_chain_phase2/build_and_selftest.sh	402	f612fa407762dc10ffe1588b1278ed89ccf7ce7685715f617595511e8b2f9555
results/long_chain_phase2/ft_validation_report.pdf	561132	7d04ed0e19b4619c3579166cb54eb1a6018becbae59a0726bf0adf141a36b604
results/long_chain_phase2/ft_validation_report.tex	8463	0def3cb72ecd97eb50d178a62a257ed2d880b941f428c8b8a8b4a714acba152c
results/long_chain_phase2/raw/n20_dt_N1024/n20_k0p4_run1.log	1109	1cbdcadac544c6ee8090d0f0771412505d55a3d9d3634353e641485938d42d1c
results/long_chain_phase2/raw/n20_dt_N1024/n20_k0p4_run1_summary.csv	1028	4dd536bcc1380dbd6bfa3efbce8afd0471a26af363077a0078dcd98dbbdbce59
results/long_chain_phase2/raw/n20_dt_N1024/n20_k0p4_run1_timeseries.csv	9397	d0077f2a129f93180353d91258dd374382c4a57ea46262a8e0c484bbb8e16009
results/long_chain_phase2/raw/n20_dt_N1024/n20_k0p4_run2.log	1108	858f7a9139ab2f39fd9dd2df368cb595174f1e4a978ad300ee0f5f52dca4aa7c
results/long_chain_phase2/raw/n20_dt_N1024/n20_k0p4_run2_summary.csv	1027	224444f8688b97ac6771326e123d52fd47c3f9fe11e4e93ac1cb44855c9d1a3d
results/long_chain_phase2/raw/n20_dt_N1024/n20_k0p4_run2_timeseries.csv	9400	839b96a7b30fa4201d71bf625f27509d632a6c9a57a22c72e7340d5fb97c6ac8
results/long_chain_phase2/raw/n20_dt_N1024/n20_k0p4_run3.log	1105	5dbde904a54c54cf492dd4067b5f923da391e47463aa8321765f1db02d7b1c6c
results/long_chain_phase2/raw/n20_dt_N1024/n20_k0p4_run3_summary.csv	1029	c2b4ec3f3f4f0791e22819917218510a1035dd203c0981cc5a533759b4be8c9d
results/long_chain_phase2/raw/n20_dt_N1024/n20_k0p4_run3_timeseries.csv	9409	f891d11818aa61735b454d8aad27b2e03235500a6f3c8e6269936f6e628d857e
results/long_chain_phase2/raw/n20_dt_N1024/n20_k0p4_run4.log	1110	ba5d656ffbf9348409b9daa8a6266bb1b499a767bf43afe652d630d81502ad09
results/long_chain_phase2/raw/n20_dt_N1024/n20_k0p4_run4_summary.csv	1028	bda441cb77331407f9d5ef252100009763cfb086906646c21363052d04f548dd
results/long_chain_phase2/raw/n20_dt_N1024/n20_k0p4_run4_timeseries.csv	9394	e3bf548ad86153e0b75680e6dc88a2e0b49f90437072a9dd463376419072b144
results/long_chain_phase2/raw/n20_dt_N1024/n20_k0p6_run1.log	1105	9052cd2908ec01a45e07539a9bf0fdb3a07aa81a5232ec81eccf9fc074b33b11
results/long_chain_phase2/raw/n20_dt_N1024/n20_k0p6_run1_summary.csv	1030	3d9b4a951a2c1467a1151727f4c05fa028d8920bc9069d4e7fe0e4d55b8e16e3
results/long_chain_phase2/raw/n20_dt_N1024/n20_k0p6_run1_timeseries.csv	9366	df22e58e0e906c85364655ee19cbcd389ecfc6d1ed7225f9716a08f934a5d26e
results/long_chain_phase2/raw/n20_dt_N1024/n20_k0p6_run2.log	1104	dcb4ef1475d835ade6d91bc1a38993d84be9ae8353ff41d231634705d905b7d0
results/long_chain_phase2/raw/n20_dt_N1024/n20_k0p6_run2_summary.csv	1030	deeb58ad559ef4d4f044da07821001e65e205263ec862110f80c96edb8f901d8
results/long_chain_phase2/raw/n20_dt_N1024/n20_k0p6_run2_timeseries.csv	9374	f48bb170d81de9ed308079c9e74e57d7b3ad741e0a8e59826d8948db1e4efb44
results/long_chain_phase2/raw/n20_dt_N1024/n20_k0p6_run3.log	1105	830022a9e9d193a65adc1491737a7056d79bd71adff13c116fa84148653ca4e8
results/long_chain_phase2/raw/n20_dt_N1024/n20_k0p6_run3_summary.csv	1026	9a1451a4130044f2c00cd7e5469dafd70e9f97b0b38c10fdf817527c599eca90
results/long_chain_phase2/raw/n20_dt_N1024/n20_k0p6_run3_timeseries.csv	9377	db55ff0912d927d8340d2a5a6c571f4ca970756dfc59eff9bb24026e562e1b1a
results/long_chain_phase2/raw/n20_dt_N1024/n20_k0p6_run4.log	1106	2f801eb2e1bca392989396c75c733a24fb74b200e0aada5e3d83f369f6e01011
results/long_chain_phase2/raw/n20_dt_N1024/n20_k0p6_run4_summary.csv	1028	9d02732ff8708ce9250c70e9b68b4be24b98e4f1e28b7aa765336da86bc5bd74
results/long_chain_phase2/raw/n20_dt_N1024/n20_k0p6_run4_timeseries.csv	9365	b2fa16b9e631000f0dcf147713b3d254a8d7fdaa0642a789eaac373b6f729fc8
results/long_chain_phase2/raw/n20_selection1_N1024/n20_k0p4_run1.log	1106	b9859c1464b011e409a37895e62ad71d568962d3ac1c150eacaf697d70913f9d
results/long_chain_phase2/raw/n20_selection1_N1024/n20_k0p4_run1_summary.csv	1025	c9b8855c9a3beb8c0fa0a7d665f729e923990e0a6e70ab89bfcd3849a6530863
results/long_chain_phase2/raw/n20_selection1_N1024/n20_k0p4_run1_timeseries.csv	18464	4d0e4c822878381ee83112356ad34df0e4014b422a9faa47c35889dbec3320f7
results/long_chain_phase2/raw/n20_selection1_N1024/n20_k0p4_run2.log	1105	03a15ce636d1ed562ed58aada70926cf2c7d9af61c047ca1ad39ce084c2f4d12
results/long_chain_phase2/raw/n20_selection1_N1024/n20_k0p4_run2_summary.csv	1029	add4e46595e68653814b02ffcc4faa20e06ebcbe4eb99f4373e6866e9d517ec4
results/long_chain_phase2/raw/n20_selection1_N1024/n20_k0p4_run2_timeseries.csv	18474	60c0524b50c699d79533c3db58307b025ae9c7c5ccdf5183526599ffdb6b6b64
results/long_chain_phase2/raw/n20_selection1_N1024/n20_k0p4_run3.log	1107	d43be735c126086b61934a3864351f1575a619a610905f94a7f83aefbc1f808b
results/long_chain_phase2/raw/n20_selection1_N1024/n20_k0p4_run3_summary.csv	1026	6aeb514d2f40cbe27bd99f2e16296efbf6975a3399970e5c25482276cf1e7268
results/long_chain_phase2/raw/n20_selection1_N1024/n20_k0p4_run3_timeseries.csv	18464	ae2066eb300ec36d02e8239050854e727ed28fa6f52cefdebeeea3a54bcc2e4d
results/long_chain_phase2/raw/n20_selection1_N1024/n20_k0p4_run4.log	1106	5a0728efd768032d4aa649f9555bde4d74e7a73fc3518e309ff8114a7b847b7b
results/long_chain_phase2/raw/n20_selection1_N1024/n20_k0p4_run4_summary.csv	1026	dad119051f7044b12d2e9b9032b15038e6b7a15ee117581c7dd0ed4d4eb31f3e
results/long_chain_phase2/raw/n20_selection1_N1024/n20_k0p4_run4_timeseries.csv	18458	9fb263ad787c4e03feae57bc6c91ed8d11dd0c3af3960378d22210d4f4b0d367
results/long_chain_phase2/raw/n20_selection1_N1024/n20_k0p6_run1.log	1103	1e0d2a0189d5b5c759449b6316cafdd6b87bd6dbd3327f5d464a2f8113f1e8e3
results/long_chain_phase2/raw/n20_selection1_N1024/n20_k0p6_run1_summary.csv	1028	8e4fc4e60ee8054f81b480d2a1b3a58d04f9c0f9a51151916d77e8f064538538
results/long_chain_phase2/raw/n20_selection1_N1024/n20_k0p6_run1_timeseries.csv	18393	e7cba75d769d0e38c133712fd328027c2805428efdd855248adddcc5376f5f3c
results/long_chain_phase2/raw/n20_selection1_N1024/n20_k0p6_run2.log	1103	9cf4e19a53e58f014a75b1154e85afe8e0fd5a54fc6d4db58fc54c0cb9e460ce
results/long_chain_phase2/raw/n20_selection1_N1024/n20_k0p6_run2_summary.csv	1028	54736fdd6b017e406fb84325e6e69119730ffa09536b4aa0f3cce499c189728e
results/long_chain_phase2/raw/n20_selection1_N1024/n20_k0p6_run2_timeseries.csv	18380	44c7df3bffe8b608406551923aafea0ebdeb4e839c26728b908cd034701bc318
results/long_chain_phase2/raw/n20_selection1_N1024/n20_k0p6_run3.log	1101	3201744f847abbd64fc6dd80faa13caa0d7e3adf73d4736da45820048414f2c9
results/long_chain_phase2/raw/n20_selection1_N1024/n20_k0p6_run3_summary.csv	1029	3abb122d06d34265095c0f0b1c7bbeebadff268d880c71d4810aa0ca6a06b097
results/long_chain_phase2/raw/n20_selection1_N1024/n20_k0p6_run3_timeseries.csv	18390	27066b0d3b54a78448ce0b29ad6e3c284eefa712cfdbf76ba9cfb11a0c585413
results/long_chain_phase2/raw/n20_selection1_N1024/n20_k0p6_run4.log	1105	e32d0fc37db61b8f3ca6f8b9307506cbe46b6e57db7e1c434c2508f7813d3911
results/long_chain_phase2/raw/n20_selection1_N1024/n20_k0p6_run4_summary.csv	1029	810c10a928c2669cfa5b149bbc78a943d6bca9eb0125cc9eeb4a1cd57534365f
results/long_chain_phase2/raw/n20_selection1_N1024/n20_k0p6_run4_timeseries.csv	18403	6530db4f01f3cf341d138525219eaf3fd217f3d1784bde443372c7716c53e643
results/long_chain_phase2/raw/n30_dt_N4096/n30_k0p4_run1.log	1116	5416b7e1c9a4bf6856935b421c8b19bb641758ac1d24280958097a332a434035
results/long_chain_phase2/raw/n30_dt_N4096/n30_k0p4_run1_summary.csv	1032	3e76a639efb6f5d5ade126a26862929f7cb6df63ea20ce23e454eb02a1dc8216
results/long_chain_phase2/raw/n30_dt_N4096/n30_k0p4_run1_timeseries.csv	9477	7289546d565036369a5a36c3caa19ed16b3a5329bf95acb35aff63c9348cc8bd
results/long_chain_phase2/raw/n30_dt_N4096/n30_k0p4_run2.log	1119	254b1cb7966a89180c04ca8cf20d482647b4a4903eeabcd7b492c5fc7201a68f
results/long_chain_phase2/raw/n30_dt_N4096/n30_k0p4_run2_summary.csv	1032	3857b220debe726a243f30dee5b8f063ff8d54f2a386ab3e49dca389e54afe11
results/long_chain_phase2/raw/n30_dt_N4096/n30_k0p4_run2_timeseries.csv	9461	bdffbc78a89b6018c2185adfc7696f7ce054cfdda9cdd1c09be05574658dc2d3
results/long_chain_phase2/raw/n30_dt_N4096/n30_k0p4_run3.log	1118	2ee9ed3f2afe2be84d7319bffebc4e3eed362f43c527a27dacbaa6ebde307e6b
results/long_chain_phase2/raw/n30_dt_N4096/n30_k0p4_run3_summary.csv	1030	9380913fe09a17298c80875bb50a8a6d109fd246c4a5f3dbb8dbc265aa4e20c0
results/long_chain_phase2/raw/n30_dt_N4096/n30_k0p4_run3_timeseries.csv	9475	933670dcd5a07bb4dc7436fe155c21d8f18e94aa295d5e8f3343f5b4cb7f6193
results/long_chain_phase2/raw/n30_dt_N4096/n30_k0p4_run4.log	1118	d5cb2d391ec8ee5b15ecab0a9d5e3164f17b41aa603da164bf85ab1e00e4774e
results/long_chain_phase2/raw/n30_dt_N4096/n30_k0p4_run4_summary.csv	1031	82b7dadf24666c5b8c69a0041fe193d65825f05ed7518ca85d0a321c3594789d
results/long_chain_phase2/raw/n30_dt_N4096/n30_k0p4_run4_timeseries.csv	9466	91a6069b3d68abaa8bb36e69085d0f927ea383e17172301a094126d8e387b415
results/long_chain_phase2/raw/n30_dt_N4096/n30_k0p6_run1.log	1113	aa3223c89dc9b0a7ca5e1226fb919778f1bbba9c104ef5ed6f7c7e6a66f79d58
results/long_chain_phase2/raw/n30_dt_N4096/n30_k0p6_run1_summary.csv	1030	d1884e1a12e0d20b4b6c80bb3751e5fa8cd650b3ff6be0256f9892cf7faf62a1
results/long_chain_phase2/raw/n30_dt_N4096/n30_k0p6_run1_timeseries.csv	9484	cab0919d93a52608e6c1ea1821881f83da411a6f6528db64f6ef0805a3078a01
results/long_chain_phase2/raw/n30_dt_N4096/n30_k0p6_run2.log	1114	484e0ee8a78925c6a4bf1b001fd5bd03eb2be03d20df17c66cd3ba1cc3b6c533
results/long_chain_phase2/raw/n30_dt_N4096/n30_k0p6_run2_summary.csv	1030	c9c85c59b3e138ac521e783ec55d1777fcbc8baa36acfb80f48cd379df25ec93
results/long_chain_phase2/raw/n30_dt_N4096/n30_k0p6_run2_timeseries.csv	9474	a5546b295d43eedc85d3ac20e48f4de33062bcf426d1dbf46e7f4e101bed9eff
results/long_chain_phase2/raw/n30_dt_N4096/n30_k0p6_run3.log	1111	900d22f310f611d81b8f080f16c6f7b19bb580ac474d8e182a20c9fe0af4525e
results/long_chain_phase2/raw/n30_dt_N4096/n30_k0p6_run3_summary.csv	1029	fcf872e4d5bc2171fd2987f8fde9e9ff5ef0a18012ed93a2659ffedf6b040e24
results/long_chain_phase2/raw/n30_dt_N4096/n30_k0p6_run3_timeseries.csv	9481	908f353106cfb79d0e1c070d27f58992446a609d5959625bce5625a4e28dfa2f
results/long_chain_phase2/raw/n30_dt_N4096/n30_k0p6_run4.log	1109	25fcdb9f79a83220f5d3ff298d8ca484f792665696486eaa62061d24c4fa69cc
results/long_chain_phase2/raw/n30_dt_N4096/n30_k0p6_run4_summary.csv	1030	6573d2540a08671639b9839e74a3cb6edbfe4338d4f6ab6eef0d48e6582764b2
results/long_chain_phase2/raw/n30_dt_N4096/n30_k0p6_run4_timeseries.csv	9479	801b7eebe946ed86ddd385fe7f1d63d50768c114f8aadff33fac0c69a98fc5ac
results/long_chain_phase2/raw/n30_population_N4096/n30_k0p4_run1.log	1116	ae30072867d48bb5d49b1d0d28df16c7edb92c04c9f81d5a7216b6e8fc388a75
results/long_chain_phase2/raw/n30_population_N4096/n30_k0p4_run1_summary.csv	1030	b8ff8d55475c6bcfc31f30c59ca4a7d4ad07770ae356683492d00b21571699f0
results/long_chain_phase2/raw/n30_population_N4096/n30_k0p4_run1_timeseries.csv	9502	c73a3d033907ebe93c56c14c161101ebf64f825fe36defdc4e855cc0c9a4b6ac
results/long_chain_phase2/raw/n30_population_N4096/n30_k0p4_run2.log	1113	ea3f17be7983979b85f3984fab037555b9b80c469e5e6d53c37976e320f91d9f
results/long_chain_phase2/raw/n30_population_N4096/n30_k0p4_run2_summary.csv	1032	4df868ff4e7554d4f5c7988c0f4f0ba3bcaac2ffb84c1e51bc28195d9e557d76
results/long_chain_phase2/raw/n30_population_N4096/n30_k0p4_run2_timeseries.csv	9482	e3589bd788a3bc3245edefd96c1aebcc150a22a7360e7a52e80b261bec562b40
results/long_chain_phase2/raw/n30_population_N4096/n30_k0p4_run3.log	1113	89db74b9f23e195965ea3a330d0f88017dcbab5e80d30c1a588d53fc91f5deec
results/long_chain_phase2/raw/n30_population_N4096/n30_k0p4_run3_summary.csv	1031	957c39fcd2b53b9340a550334e1594faf1810c21b0362f308d5b7e16615a6069
results/long_chain_phase2/raw/n30_population_N4096/n30_k0p4_run3_timeseries.csv	9486	2d6f11bd76cb495d2c36cdfaba9169a0792a39e48ebd526fe514aa043d30635a
results/long_chain_phase2/raw/n30_population_N4096/n30_k0p4_run4.log	1117	3522418955605d4ef125339d85481f3efb25ebd8d672d2201642be42464d3f2a
results/long_chain_phase2/raw/n30_population_N4096/n30_k0p4_run4_summary.csv	1032	e22607dc806bf1c62318d89d53f0f59a0763cb5ab5eb70ae60320ccf36d2fe49
results/long_chain_phase2/raw/n30_population_N4096/n30_k0p4_run4_timeseries.csv	9505	0478ce8070a55fe9ec6098e3d410116394148a96174e4585ff7a914d8feab6b6
results/long_chain_phase2/raw/n30_population_N4096/n30_k0p6_run1.log	1113	850acb5d237beef0e544b779467f869da7ad5fd7949e2886b8d445ddd4a36d55
results/long_chain_phase2/raw/n30_population_N4096/n30_k0p6_run1_summary.csv	1026	efc9efd12e5389fbbea7f7646d1ce847ff3803bc1fa513a17aaf8490b7634902
results/long_chain_phase2/raw/n30_population_N4096/n30_k0p6_run1_timeseries.csv	9471	321fe4160c170ba733615a17951bc1ef81961885ba124ed29a9d473ac3ddc493
results/long_chain_phase2/raw/n30_population_N4096/n30_k0p6_run2.log	1108	dbfb7d051d27eea2658034dc61de3c8eda98ec7770be00400350ca8b1a974286
results/long_chain_phase2/raw/n30_population_N4096/n30_k0p6_run2_summary.csv	1031	74e959526894b1a2a3e2d9c1c6fc57753737f7daaf42eb342d3a5c29567a3cbf
results/long_chain_phase2/raw/n30_population_N4096/n30_k0p6_run2_timeseries.csv	9478	a6bc896f919acb117ae80de67e62b65c4cc3170ca29095a66754a4fc47ffc426
results/long_chain_phase2/raw/n30_population_N4096/n30_k0p6_run3.log	1114	02dae6261366bcebaef9bd23e9d4724d81ef47ccf1ca1ca1e12b9115b97aa22f
results/long_chain_phase2/raw/n30_population_N4096/n30_k0p6_run3_summary.csv	1031	3e53a016078777d63e392076c1ac98c6f9c6c952e376f594e3d9141df52703c4
results/long_chain_phase2/raw/n30_population_N4096/n30_k0p6_run3_timeseries.csv	9490	617dcfdcb7e68fb4f5f94f5a6939e6ebffb0114ac5d8eb4a1aed75c26e32dc6b
results/long_chain_phase2/raw/n30_population_N4096/n30_k0p6_run4.log	1112	c2212ff4c6ac88faace09a189a786c7072a8bda9eb5b16d1e57f51e5c4fe9baa
results/long_chain_phase2/raw/n30_population_N4096/n30_k0p6_run4_summary.csv	1028	4f918424d75cd94297ccf877ad7efef35f65671a09540421f40e5efe919ea4ef
results/long_chain_phase2/raw/n30_population_N4096/n30_k0p6_run4_timeseries.csv	9466	302da21f6e2fb7356a5427043e123e098d021bfbe6bcdebf786aaeee2ce4d303
results/long_chain_phase2/raw/n30_selection1_N4096/n30_k0p4_run1.log	1119	97cb0e6142840d87afc4759c800f50a77f512c4cfde0d6e0cedf7f5508db7397
results/long_chain_phase2/raw/n30_selection1_N4096/n30_k0p4_run1_summary.csv	1029	5268d8000570df373c156d7a96aedc44823da7b6f316e1deb12f91d2b6596562
results/long_chain_phase2/raw/n30_selection1_N4096/n30_k0p4_run1_timeseries.csv	18655	b9e58bf2e58f4d269394e18cf08d239b1f38fc970667372a6445610e1fc196f5
results/long_chain_phase2/raw/n30_selection1_N4096/n30_k0p4_run2.log	1116	785feea0d3f864f83ce753de3ed056e2d049625f8d17b10b96ed3c20b3a6169d
results/long_chain_phase2/raw/n30_selection1_N4096/n30_k0p4_run2_summary.csv	1032	8c8e8ff081044e3d802c8f9e702310f76a8ff3eec386f3234352b733b0a8d3ab
results/long_chain_phase2/raw/n30_selection1_N4096/n30_k0p4_run2_timeseries.csv	18664	00813257c1cb3422b3aea2323bf279cfec07c63810a304f3ef5aaaca8469d302
results/long_chain_phase2/raw/n30_selection1_N4096/n30_k0p4_run3.log	1115	19af67884abe88a048f1e1e02d1eb642b74fcb19609503be6ff61a6d5db5b447
results/long_chain_phase2/raw/n30_selection1_N4096/n30_k0p4_run3_summary.csv	1030	429974c1b404027f98035814f64208d14ec5939c6c3af9962b2fec2b42666df7
results/long_chain_phase2/raw/n30_selection1_N4096/n30_k0p4_run3_timeseries.csv	18671	6afc77a1388ced089e085e698fbb82d3d72625de06c5710866a74dcb93eb9e8e
results/long_chain_phase2/raw/n30_selection1_N4096/n30_k0p4_run4.log	1114	2bd2ebde41ddd37d8f9d5121a6602592c9ffa884132930e2436fe06833e7efce
results/long_chain_phase2/raw/n30_selection1_N4096/n30_k0p4_run4_summary.csv	1032	ce49ebdedfd778d487498cbcfece903a59b83a1d270a7c6495abb78a5a07dc53
results/long_chain_phase2/raw/n30_selection1_N4096/n30_k0p4_run4_timeseries.csv	18675	6d9fb38d75caaffc4895c5e745a39218ca79da6249a2893909d83b1d56ebaf49
results/long_chain_phase2/raw/n30_selection1_N4096/n30_k0p6_run1.log	1115	6ffca43ac557584fc02bdb025b9194eb6a196d80c6a3060a1e34069c4cb5fb07
results/long_chain_phase2/raw/n30_selection1_N4096/n30_k0p6_run1_summary.csv	1031	769ec26dba2ad6e7513a676f1e1e731eee017bf2e8ff22a56f38382a8dc20a55
results/long_chain_phase2/raw/n30_selection1_N4096/n30_k0p6_run1_timeseries.csv	18589	afe1328b0dccb44e18832e2544fced7f2ee80b02c2d76c5e44d2749bb952b043
results/long_chain_phase2/raw/n30_selection1_N4096/n30_k0p6_run2.log	1114	5823636229281629496017516006fa1c9b25d232cff1e9925bef6bac09d9cac6
results/long_chain_phase2/raw/n30_selection1_N4096/n30_k0p6_run2_summary.csv	1031	271034d69e2c354795889fb22f0f42bab83f4dd6e5b9f84421356d0db3675fb4
results/long_chain_phase2/raw/n30_selection1_N4096/n30_k0p6_run2_timeseries.csv	18577	bbc32e7054c2be5c236a80a2c80d3fa13910575c6e53249529fa593e48403333
results/long_chain_phase2/raw/n30_selection1_N4096/n30_k0p6_run3.log	1117	0ac14471b0c4b1a311285cf8c56f479f1ca5ea7db5b8d05e104bcea5460ea5fa
results/long_chain_phase2/raw/n30_selection1_N4096/n30_k0p6_run3_summary.csv	1030	1b50e08d72d0705c020dfa5c71215853cf46c22871b2a7202c5444baf442d026
results/long_chain_phase2/raw/n30_selection1_N4096/n30_k0p6_run3_timeseries.csv	18573	92b91b7dfcb7fb651b6df38799e86864e829562f370a4786ba9cd0833f22fb77
results/long_chain_phase2/raw/n30_selection1_N4096/n30_k0p6_run4.log	1114	3317df3c62173b30bce73de2c7cb7912d2d4f665f2edb067a86bebe3fc8c239d
results/long_chain_phase2/raw/n30_selection1_N4096/n30_k0p6_run4_summary.csv	1031	5cc5fcaf8f9680ef90983a9956349a37aa7488be8ee0b65d5238a323cf29a081
results/long_chain_phase2/raw/n30_selection1_N4096/n30_k0p6_run4_timeseries.csv	18579	5e73af2e840d1a17ab418fe78fa48e3b625d2ecd2ee1b4c74ebf4771b6ac70cd
results/long_chain_phase2/raw/n40_dt_N1024/n40_k0p4_run1.log	1111	34e03f085ea8bfd6ae6067efaed0dc0ec50afbf3f53460b7f343d04db877fd29
results/long_chain_phase2/raw/n40_dt_N1024/n40_k0p4_run1_summary.csv	1031	44fea74a2b014c0dfa186ec7407ecbff56f0524ed1f7e94c90d22cb6ed00a34a
results/long_chain_phase2/raw/n40_dt_N1024/n40_k0p4_run1_timeseries.csv	18501	0a28e6a277a37955cc3babd02699c293a24c9bf7f465a610a49b8a0ee9268753
results/long_chain_phase2/raw/n40_dt_N1024/n40_k0p4_run2.log	1113	1193c0fe127ead0e14c7bd3630e8e6da7059d156a7e0de1f48231cc8bc1997fb
results/long_chain_phase2/raw/n40_dt_N1024/n40_k0p4_run2_summary.csv	1031	afcb3ef8143fa698e4033c7a514214dbfd65ecd1d069a0607b09f08900db951f
results/long_chain_phase2/raw/n40_dt_N1024/n40_k0p4_run2_timeseries.csv	18520	455646a24b7edafa7f19efb5c2ff2cd2c2a2ac3c45f25021f928aa99c38eeed2
results/long_chain_phase2/raw/n40_dt_N1024/n40_k0p4_run3.log	1111	1161929cfa1de1f9d4448cd562eb3a1208a146711bf22c3a69abb7fc284d1635
results/long_chain_phase2/raw/n40_dt_N1024/n40_k0p4_run3_summary.csv	1029	dc99e82c91be2388d33bb55669a7c1545f2e35323f3d482ee4ee44129b74f22c
results/long_chain_phase2/raw/n40_dt_N1024/n40_k0p4_run3_timeseries.csv	18531	0f71bb30b9fd074b6a2b96d5ca34cbfa77325ecab4793dc4d206c6ff9c493e25
results/long_chain_phase2/raw/n40_dt_N1024/n40_k0p4_run4.log	1111	4d551fa0113fcf9ec81fa83a2f67ab0dc29b605b13b700d773d74cfe061897a4
results/long_chain_phase2/raw/n40_dt_N1024/n40_k0p4_run4_summary.csv	1029	180cd6e8b9f9bf85ee1dd9ebe384977fac6d1d5597011d88d1614ea92fc01d69
results/long_chain_phase2/raw/n40_dt_N1024/n40_k0p4_run4_timeseries.csv	18536	a8f19fb4762cc536b9869f6582201886a201796d90fa7af08712d6ab60031091
results/long_chain_phase2/raw/n40_dt_N1024/n40_k0p6_run1.log	1107	c90de11928af2380d0e95a37b9d2c3f235ecfa7962573bafc003e2ab68796e87
results/long_chain_phase2/raw/n40_dt_N1024/n40_k0p6_run1_summary.csv	1028	4f294d46df57be71f3e064b3f75990117c0d42c9664445cd92cd1568fda61cec
results/long_chain_phase2/raw/n40_dt_N1024/n40_k0p6_run1_timeseries.csv	18433	032399a4412c3cb40dee2b67222f2c2737710583d266d9ea28f741001d2564b0
results/long_chain_phase2/raw/n40_dt_N1024/n40_k0p6_run2.log	1106	057cbc3b8c75092c9eca3ecca68094eba05bed50dbe83e1c2917a148c89be498
results/long_chain_phase2/raw/n40_dt_N1024/n40_k0p6_run2_summary.csv	1028	c94956e22d14f43027fc59a03ea81dfa7f3679571aa874625f748fe18aa92a56
results/long_chain_phase2/raw/n40_dt_N1024/n40_k0p6_run2_timeseries.csv	18418	f1b3a313177b1a805ea41167e839b992202bec4461c28347b4e9403d45dad793
results/long_chain_phase2/raw/n40_dt_N1024/n40_k0p6_run3.log	1109	b7156e68f3ce1c7e6c690275a99654f9797b1208a54ea27ed9f60c0c756cd6c2
results/long_chain_phase2/raw/n40_dt_N1024/n40_k0p6_run3_summary.csv	1028	f6b143ca716524db2b3dfe8bb3d3a4030b40a930c448de48b71d67c484fd094a
results/long_chain_phase2/raw/n40_dt_N1024/n40_k0p6_run3_timeseries.csv	18445	bc1b16a02599b0e9afedea02755a0862d503ca0f0c711c1aba6d1d263a5aa548
results/long_chain_phase2/raw/n40_dt_N1024/n40_k0p6_run4.log	1106	ed56dfea67947e5063ccbdab65a170e1b0289a9429ea2e4bd9f8f1a4540674bf
results/long_chain_phase2/raw/n40_dt_N1024/n40_k0p6_run4_summary.csv	1029	9abd3b68153cbc3e552da2cddc025cd3121b08bb0bbe73144bf212741987179c
results/long_chain_phase2/raw/n40_dt_N1024/n40_k0p6_run4_timeseries.csv	18444	60ddaec7f614fc3fbc58777981ba42915168ea7b2c6fa66afcbad0bcf988ccdb
results/long_chain_phase2/raw/n40_selection1_N1024/n40_k0p4_run1.log	1110	6898807624691bcce91a50e7c32ad0fd06353555976319f600a4c908dcac274c
results/long_chain_phase2/raw/n40_selection1_N1024/n40_k0p4_run1_summary.csv	1031	851608a56ce85fe69a8a504348e85f99b27d1070eccd616d69af45539b70f079
results/long_chain_phase2/raw/n40_selection1_N1024/n40_k0p4_run1_timeseries.csv	36719	105e3446ddbd895d322df0cff00e276ae5c71e321400e3db5741398a37a928b0
results/long_chain_phase2/raw/n40_selection1_N1024/n40_k0p4_run2.log	1109	7656bf600b326b410d58328b6a0555f90d67efffae4ca77bf987cd79f41e3621
results/long_chain_phase2/raw/n40_selection1_N1024/n40_k0p4_run2_summary.csv	1032	6e62e4104c427090037514adb06fabe55e2d3710931736497ba5e629c2a12418
results/long_chain_phase2/raw/n40_selection1_N1024/n40_k0p4_run2_timeseries.csv	36735	206e6bd5bb1079af8f912d5c88ddb9fb04b2f1b5b472f81e12a33b29dd151784
results/long_chain_phase2/raw/n40_selection1_N1024/n40_k0p4_run3.log	1108	c26e2096fc9def18461e2deb1d91676d32141e71816cdfb67ffa3665435a36e6
results/long_chain_phase2/raw/n40_selection1_N1024/n40_k0p4_run3_summary.csv	1031	1e825ddc1a51bc2b85a87bf4d3673593ebb73c428d630c20f90d507e3feb6b24
results/long_chain_phase2/raw/n40_selection1_N1024/n40_k0p4_run3_timeseries.csv	36806	971c42bfd9155e55b83da5eaa78628b2de3b5c897666945b609d8015a182b04b
results/long_chain_phase2/raw/n40_selection1_N1024/n40_k0p4_run4.log	1108	549c951e9912c08b7294383bd8c9f75f3d70c03e32be68b0825114b6738cb80a
results/long_chain_phase2/raw/n40_selection1_N1024/n40_k0p4_run4_summary.csv	1032	f0b2e397ce8655d05b8426449fa7bf6311fe6628e6331f41d4effd747584570b
results/long_chain_phase2/raw/n40_selection1_N1024/n40_k0p4_run4_timeseries.csv	36727	caa9ecda2f236a170b79fa6985b3455f0d6f129dbfb08fae10d6fdb83a559cfc
results/long_chain_phase2/raw/n40_selection1_N1024/n40_k0p6_run1.log	1110	943930290bf6f2f3d5c5d358128ac0a92aad1f88d323c023abf6f7c306de6457
results/long_chain_phase2/raw/n40_selection1_N1024/n40_k0p6_run1_summary.csv	1030	f120703bc6ed975efbe3f9a5cde518b368adb458ebe733884a1618b8ea6a1af4
results/long_chain_phase2/raw/n40_selection1_N1024/n40_k0p6_run1_timeseries.csv	36635	2368326a48239478856982dede8bc7dc810d961fed3bc4c46df097080a5d66c8
results/long_chain_phase2/raw/n40_selection1_N1024/n40_k0p6_run2.log	1110	df78503b6c6a32447df97595a93f2a17cbb03dcb2269aaef86ea0a369579c2f5
results/long_chain_phase2/raw/n40_selection1_N1024/n40_k0p6_run2_summary.csv	1031	43bce87ac60ed7667fb54bfa3020acb95b3d07a2913538458e3a7ffaff2ef6ec
results/long_chain_phase2/raw/n40_selection1_N1024/n40_k0p6_run2_timeseries.csv	36641	7e4fbda1e2c7a1c059c005877353ed6cd68f833976b5dca8060042ed64b53a08
results/long_chain_phase2/raw/n40_selection1_N1024/n40_k0p6_run3.log	1109	9e87dfe8ded347f28f03cb75a425070149ba951842f52ca354bfd59ee62ff87a
results/long_chain_phase2/raw/n40_selection1_N1024/n40_k0p6_run3_summary.csv	1032	8f12ab45ab9925651c363fcc4bf138d9ecfe4bd73a21a641f630e1a9a0216c6c
results/long_chain_phase2/raw/n40_selection1_N1024/n40_k0p6_run3_timeseries.csv	36632	f32b9a2debd33c4df0a9847db52af5d565e4899c4cd4ba1a339f6da777c60a28
results/long_chain_phase2/raw/n40_selection1_N1024/n40_k0p6_run4.log	1110	2ffad81846ffae588dd32d329813731b8be8afc75f33d00eedeb04b40018dffd
results/long_chain_phase2/raw/n40_selection1_N1024/n40_k0p6_run4_summary.csv	1032	c3db779fc4cd0b672dbc0ee2e77e0d42b31cca0755454846c30d6b52e24ac20b
results/long_chain_phase2/raw/n40_selection1_N1024/n40_k0p6_run4_timeseries.csv	36657	aed87e755bca14f64325dd350767181dc24a92214bbddf0add9f9173cdf321a9
results/long_chain_phase2/run_phase2.sh	2501	8f292a607f8d83c83f80a495157e17d7a5f88c8846f5e57fa55ce8878b98ee9e
results/n2_total_entropy/PREDECLARED_GATES.md	4126	e07da4c55ceefe3e6fccbd428d9a31447ded8c5dec6a16eb65f49ea274ef1a1c
results/n2_total_entropy/density_grid_scan.json	14898	1f5a8f17012561695f3e17b214406ed07d68230d59ee8018e300367494e793d7
results/n2_total_entropy/driven_summary.csv	460	d202a060563f97bf1b32f4365ff287ecd249eaa2b8b056d39e3bf3519ab775a5
results/n2_total_entropy/equilibrium_summary.csv	468	f7096a2f701c5e6414c61ea8abf1b625f3b0c811af11b353c1b6be14ec561860
results/n2_total_entropy/parametric_analysis/analysis_metadata.json	546	74f2ddca88a5e8b07f9cb1d1f67f9207c3db3cc0262754ea8f89fd5bb24da5f0
results/n2_total_entropy/parametric_analysis/audit.json	1969	53cd3b45387c0986ffcaf635aaf3a5da04536c137eee4caf933a369833d650c1
results/n2_total_entropy/parametric_analysis/audit.md	1462	89ce6177f8b1c5e5b4f3bde4c9d13ee86c2c2f30c93e9d809a38b4d2beedec76
results/n2_total_entropy/parametric_analysis/density_model_diagnostics.csv	424	7808dd838a13eff2d546b45fdab767a9a22dd68c40008de720c1413377aa773f
results/n2_total_entropy/parametric_analysis/endpoint_stationarity.csv	1371	23cf486499d882bec69d1f63eb14788b4732a5b0c10ad387985430208ee8b5b0
results/n2_total_entropy/parametric_analysis/equilibrium_density_validation.csv	260	d1804ca2e1135499f72fc0f5fe259f7364b63c8de255c0bb81edd8eee820200b
results/n2_total_entropy/parametric_analysis/model_sensitivity.json	1531	c8b0f4584d34f29a1328139a34a1d2f18bb629e2209048c56ef8f5794d0c40a2
results/n2_total_entropy/parametric_analysis/parametric_total_entropy_ft.pdf	26382	202bb823303428c9ef83fa087bf25ac499a793880910b5da11c059bf33d01356
results/n2_total_entropy/parametric_analysis/parametric_total_entropy_ft.png	153822	535d01db1da604c86c255ed0a9a9b097bcdbd75a1c6ada7c4060220f58d4ba97
results/n2_total_entropy/parametric_analysis/total_entropy_metrics.csv	861	1231b6e7a0a3cfb96369eee5b547a4b439b71e340d0fc579b1074bc255ce687c
results/n2_total_entropy/parametric_analysis/total_entropy_symmetry_bins.csv	5552	6782d3820cff358f0f84c60d6b7ad52124d227fddc05c739583d9e77ec4b4ae7
results/n2_total_entropy/parametric_analysis/total_entropy_symmetry_summary.csv	149	f14a80d737b81b117b66fa8a9a430e5b4e8fe7db9fcf09072792caf8a2b17395
