path,mode,n,clone_count,horizon,selection_time,dt,k,gauge_shift,control_scale,resample_threshold,seed,scgf,late_half_scgf,minimum_weight_ess_to_horizon,final_unique_roots,final_root_weight_ess,midpoint_failures
/Users/jayleenjiang/Documents/NLS/experiments/long_chain_ft_2026-08-28/selection2_n20_k04_06/N1024_t60/n20_t60_k0p4_run1_summary.csv,controlled_exact,20,1024,20.0,2.0,0.0005,0.4,0.1,0.5,1.0,88401,-0.07729532282129795,-0.07614679405108778,542.2456708711104,155,62.46729417371619,0
/Users/jayleenjiang/Documents/NLS/experiments/long_chain_ft_2026-08-28/selection2_n20_k04_06/N1024_t60/n20_t60_k0p4_run1_summary.csv,controlled_exact,20,1024,40.0,2.0,0.0005,0.4,0.1,0.5,1.0,88401,-0.0784116353530497,-0.07952794788480144,542.2456708711104,72,37.4384461582405,0
/Users/jayleenjiang/Documents/NLS/experiments/long_chain_ft_2026-08-28/selection2_n20_k04_06/N1024_t60/n20_t60_k0p4_run1_summary.csv,controlled_exact,20,1024,60.0,2.0,0.0005,0.4,0.1,0.5,1.0,88401,-0.08027953258022423,-0.08055402561656075,537.308671264309,47,25.63254131221277,0
/Users/jayleenjiang/Documents/NLS/experiments/long_chain_ft_2026-08-28/selection2_n20_k04_06/N1024_t60/n20_t60_k0p4_run2_summary.csv,controlled_exact,20,1024,20.0,2.0,0.0005,0.4,0.1,0.5,1.0,88403,-0.09052835794546325,-0.10081058536832295,548.645007741188,152,91.8997370727432,0
/Users/jayleenjiang/Documents/NLS/experiments/long_chain_ft_2026-08-28/selection2_n20_k04_06/N1024_t60/n20_t60_k0p4_run2_summary.csv,controlled_exact,20,1024,40.0,2.0,0.0005,0.4,0.1,0.5,1.0,88403,-0.09232058201900088,-0.09411280609253851,536.1315012793201,71,37.09934899518822,0
/Users/jayleenjiang/Documents/NLS/experiments/long_chain_ft_2026-08-28/selection2_n20_k04_06/N1024_t60/n20_t60_k0p4_run2_summary.csv,controlled_exact,20,1024,60.0,2.0,0.0005,0.4,0.1,0.5,1.0,88403,-0.09287361073679137,-0.09239503560406073,536.1315012793201,49,21.161977800201818,0
/Users/jayleenjiang/Documents/NLS/experiments/long_chain_ft_2026-08-28/selection2_n20_k04_06/N1024_t60/n20_t60_k0p4_run3_summary.csv,controlled_exact,20,1024,20.0,2.0,0.0005,0.4,0.1,0.5,1.0,88405,-0.08518890290172912,-0.09192285782715678,544.3627343895815,146,80.33833895188477,0
/Users/jayleenjiang/Documents/NLS/experiments/long_chain_ft_2026-08-28/selection2_n20_k04_06/N1024_t60/n20_t60_k0p4_run3_summary.csv,controlled_exact,20,1024,40.0,2.0,0.0005,0.4,0.1,0.5,1.0,88405,-0.08990339725885665,-0.09461789161598419,540.7986416820477,80,39.721797105841354,0
/Users/jayleenjiang/Documents/NLS/experiments/long_chain_ft_2026-08-28/selection2_n20_k04_06/N1024_t60/n20_t60_k0p4_run3_summary.csv,controlled_exact,20,1024,60.0,2.0,0.0005,0.4,0.1,0.5,1.0,88405,-0.08801202192971634,-0.09166743219120636,533.7032524575255,51,19.982010823995733,0
/Users/jayleenjiang/Documents/NLS/experiments/long_chain_ft_2026-08-28/selection2_n20_k04_06/N1024_t60/n20_t60_k0p4_run4_summary.csv,controlled_exact,20,1024,20.0,2.0,0.0005,0.4,0.1,0.5,1.0,88407,-0.07627733938836942,-0.0872435849071512,556.3526212780256,155,81.588546529723,0
/Users/jayleenjiang/Documents/NLS/experiments/long_chain_ft_2026-08-28/selection2_n20_k04_06/N1024_t60/n20_t60_k0p4_run4_summary.csv,controlled_exact,20,1024,40.0,2.0,0.0005,0.4,0.1,0.5,1.0,88407,-0.084137593926543,-0.09199784846471659,544.9491095505368,81,35.5642382309049,0
/Users/jayleenjiang/Documents/NLS/experiments/long_chain_ft_2026-08-28/selection2_n20_k04_06/N1024_t60/n20_t60_k0p4_run4_summary.csv,controlled_exact,20,1024,60.0,2.0,0.0005,0.4,0.1,0.5,1.0,88407,-0.0818553751745959,-0.08120469394082183,544.9491095505368,56,25.357322499516346,0
/Users/jayleenjiang/Documents/NLS/experiments/long_chain_ft_2026-08-28/selection2_n20_k04_06/N1024_t60/n20_t60_k0p6_run1_summary.csv,controlled_exact,20,1024,20.0,2.0,0.0005,0.6,0.1,0.5,1.0,88402,-0.06923506691222898,-0.08701571870578576,303.38370014388164,74,42.84448802811146,0
/Users/jayleenjiang/Documents/NLS/experiments/long_chain_ft_2026-08-28/selection2_n20_k04_06/N1024_t60/n20_t60_k0p6_run1_summary.csv,controlled_exact,20,1024,40.0,2.0,0.0005,0.6,0.1,0.5,1.0,88402,-0.07672600581154494,-0.0842169447108609,303.38370014388164,40,21.76552640318831,0
/Users/jayleenjiang/Documents/NLS/experiments/long_chain_ft_2026-08-28/selection2_n20_k04_06/N1024_t60/n20_t60_k0p6_run1_summary.csv,controlled_exact,20,1024,60.0,2.0,0.0005,0.6,0.1,0.5,1.0,88402,-0.08248732553421025,-0.09306058261437831,269.19509596437166,24,10.889996676636756,0
/Users/jayleenjiang/Documents/NLS/experiments/long_chain_ft_2026-08-28/selection2_n20_k04_06/N1024_t60/n20_t60_k0p6_run2_summary.csv,controlled_exact,20,1024,20.0,2.0,0.0005,0.6,0.1,0.5,1.0,88404,-0.08016232485974562,-0.09356511656594346,305.0065794277267,76,38.86205618560522,0
/Users/jayleenjiang/Documents/NLS/experiments/long_chain_ft_2026-08-28/selection2_n20_k04_06/N1024_t60/n20_t60_k0p6_run2_summary.csv,controlled_exact,20,1024,40.0,2.0,0.0005,0.6,0.1,0.5,1.0,88404,-0.0856286651390705,-0.09109500541839537,273.4962702426935,35,15.678468899521532,0
/Users/jayleenjiang/Documents/NLS/experiments/long_chain_ft_2026-08-28/selection2_n20_k04_06/N1024_t60/n20_t60_k0p6_run2_summary.csv,controlled_exact,20,1024,60.0,2.0,0.0005,0.6,0.1,0.5,1.0,88404,-0.08464009094569752,-0.08917202931491786,273.4962702426935,20,7.127254931281522,0
/Users/jayleenjiang/Documents/NLS/experiments/long_chain_ft_2026-08-28/selection2_n20_k04_06/N1024_t60/n20_t60_k0p6_run3_summary.csv,controlled_exact,20,1024,20.0,2.0,0.0005,0.6,0.1,0.5,1.0,88406,-0.07097668739657145,-0.08824568638512983,268.87327553683446,75,25.484275506732125,0
/Users/jayleenjiang/Documents/NLS/experiments/long_chain_ft_2026-08-28/selection2_n20_k04_06/N1024_t60/n20_t60_k0p6_run3_summary.csv,controlled_exact,20,1024,40.0,2.0,0.0005,0.6,0.1,0.5,1.0,88406,-0.08725511256555744,-0.10353353773454343,268.87327553683446,29,15.845740018738477,0
/Users/jayleenjiang/Documents/NLS/experiments/long_chain_ft_2026-08-28/selection2_n20_k04_06/N1024_t60/n20_t60_k0p6_run3_summary.csv,controlled_exact,20,1024,60.0,2.0,0.0005,0.6,0.1,0.5,1.0,88406,-0.08442136080411747,-0.092849778743043,268.87327553683446,17,7.805854152398535,0
/Users/jayleenjiang/Documents/NLS/experiments/long_chain_ft_2026-08-28/selection2_n20_k04_06/N1024_t60/n20_t60_k0p6_run4_summary.csv,controlled_exact,20,1024,20.0,2.0,0.0005,0.6,0.1,0.5,1.0,88408,-0.06702277568778921,-0.0831320661523475,290.0107773764321,74,30.316179021626,0
/Users/jayleenjiang/Documents/NLS/experiments/long_chain_ft_2026-08-28/selection2_n20_k04_06/N1024_t60/n20_t60_k0p6_run4_summary.csv,controlled_exact,20,1024,40.0,2.0,0.0005,0.6,0.1,0.5,1.0,88408,-0.07321799265742165,-0.07941320962705412,290.0107773764321,33,11.756390707686789,0
/Users/jayleenjiang/Documents/NLS/experiments/long_chain_ft_2026-08-28/selection2_n20_k04_06/N1024_t60/n20_t60_k0p6_run4_summary.csv,controlled_exact,20,1024,60.0,2.0,0.0005,0.6,0.1,0.5,1.0,88408,-0.077913792446715,-0.08650294645919179,290.0107773764321,20,6.302674761074713,0
/Users/jayleenjiang/Documents/NLS/experiments/long_chain_ft_phase2_2026-08-29/raw/n20_dt_N1024/n20_k0p4_run1_summary.csv,controlled_exact,20,1024,20.0,2.0,0.00025,0.4,0.1,0.5,1.0,91001,-0.09010880521465689,-0.09818127133061934,547.9790937120621,144,84.54894371875504,0
/Users/jayleenjiang/Documents/NLS/experiments/long_chain_ft_phase2_2026-08-29/raw/n20_dt_N1024/n20_k0p4_run1_summary.csv,controlled_exact,20,1024,40.0,2.0,0.00025,0.4,0.1,0.5,1.0,91001,-0.0888787999617203,-0.0876487947087837,534.7074792367499,83,50.056139010884095,0
/Users/jayleenjiang/Documents/NLS/experiments/long_chain_ft_phase2_2026-08-29/raw/n20_dt_N1024/n20_k0p4_run1_summary.csv,controlled_exact,20,1024,60.0,2.0,0.00025,0.4,0.1,0.5,1.0,91001,-0.08976965026766369,-0.09130765344155355,531.4441193270438,53,26.658260029491025,0
/Users/jayleenjiang/Documents/NLS/experiments/long_chain_ft_phase2_2026-08-29/raw/n20_dt_N1024/n20_k0p4_run2_summary.csv,controlled_exact,20,1024,20.0,2.0,0.00025,0.4,0.1,0.5,1.0,91003,-0.08850774805543211,-0.09425827830087954,562.7279172553481,144,80.00732488936364,0
/Users/jayleenjiang/Documents/NLS/experiments/long_chain_ft_phase2_2026-08-29/raw/n20_dt_N1024/n20_k0p4_run2_summary.csv,controlled_exact,20,1024,40.0,2.0,0.00025,0.4,0.1,0.5,1.0,91003,-0.09005293001733139,-0.09159811197923066,531.6287479395352,74,44.2138640580199,0
/Users/jayleenjiang/Documents/NLS/experiments/long_chain_ft_phase2_2026-08-29/raw/n20_dt_N1024/n20_k0p4_run2_summary.csv,controlled_exact,20,1024,60.0,2.0,0.00025,0.4,0.1,0.5,1.0,91003,-0.09060686784928955,-0.08955545666001875,531.6287479395352,46,19.331440581099518,0
/Users/jayleenjiang/Documents/NLS/experiments/long_chain_ft_phase2_2026-08-29/raw/n20_dt_N1024/n20_k0p4_run3_summary.csv,controlled_exact,20,1024,20.0,2.0,0.00025,0.4,0.1,0.5,1.0,91005,-0.07707911900838953,-0.0809986032709725,552.2271595045339,162,78.92337799187115,0
/Users/jayleenjiang/Documents/NLS/experiments/long_chain_ft_phase2_2026-08-29/raw/n20_dt_N1024/n20_k0p4_run3_summary.csv,controlled_exact,20,1024,40.0,2.0,0.00025,0.4,0.1,0.5,1.0,91005,-0.08353325624039865,-0.08998739347240776,543.4688898561269,83,30.42172449808518,0
/Users/jayleenjiang/Documents/NLS/experiments/long_chain_ft_phase2_2026-08-29/raw/n20_dt_N1024/n20_k0p4_run3_summary.csv,controlled_exact,20,1024,60.0,2.0,0.00025,0.4,0.1,0.5,1.0,91005,-0.08638652274376306,-0.09227670464206665,531.5943215574322,55,20.975715143028605,0
/Users/jayleenjiang/Documents/NLS/experiments/long_chain_ft_phase2_2026-08-29/raw/n20_dt_N1024/n20_k0p4_run4_summary.csv,controlled_exact,20,1024,20.0,2.0,0.00025,0.4,0.1,0.5,1.0,91007,-0.07603135628465134,-0.07014171783637631,541.3145160833612,155,84.37206308336016,0
/Users/jayleenjiang/Documents/NLS/experiments/long_chain_ft_phase2_2026-08-29/raw/n20_dt_N1024/n20_k0p4_run4_summary.csv,controlled_exact,20,1024,40.0,2.0,0.00025,0.4,0.1,0.5,1.0,91007,-0.07976210004096247,-0.08349284379727359,530.9574930535939,87,46.79889315361957,0
/Users/jayleenjiang/Documents/NLS/experiments/long_chain_ft_phase2_2026-08-29/raw/n20_dt_N1024/n20_k0p4_run4_summary.csv,controlled_exact,20,1024,60.0,2.0,0.00025,0.4,0.1,0.5,1.0,91007,-0.08430465584100369,-0.09057178090115733,530.9574930535939,59,31.20390429710749,0
/Users/jayleenjiang/Documents/NLS/experiments/long_chain_ft_phase2_2026-08-29/raw/n20_dt_N1024/n20_k0p6_run1_summary.csv,controlled_exact,20,1024,20.0,2.0,0.00025,0.6,0.1,0.5,1.0,91002,-0.08157380507599757,-0.0810516963535934,298.88973147395154,75,37.457169393441454,0
/Users/jayleenjiang/Documents/NLS/experiments/long_chain_ft_phase2_2026-08-29/raw/n20_dt_N1024/n20_k0p6_run1_summary.csv,controlled_exact,20,1024,40.0,2.0,0.00025,0.6,0.1,0.5,1.0,91002,-0.08079072060757886,-0.08000763613916015,284.63937034228934,34,13.640190441501678,0
/Users/jayleenjiang/Documents/NLS/experiments/long_chain_ft_phase2_2026-08-29/raw/n20_dt_N1024/n20_k0p6_run1_summary.csv,controlled_exact,20,1024,60.0,2.0,0.00025,0.6,0.1,0.5,1.0,91002,-0.08491866397917373,-0.08421675900035716,284.63937034228934,22,10.292265410286612,0
/Users/jayleenjiang/Documents/NLS/experiments/long_chain_ft_phase2_2026-08-29/raw/n20_dt_N1024/n20_k0p6_run2_summary.csv,controlled_exact,20,1024,20.0,2.0,0.00025,0.6,0.1,0.5,1.0,91004,-0.07121387751685171,-0.07938744372292073,304.0926939636609,79,29.36200716845878,0
/Users/jayleenjiang/Documents/NLS/experiments/long_chain_ft_phase2_2026-08-29/raw/n20_dt_N1024/n20_k0p6_run2_summary.csv,controlled_exact,20,1024,40.0,2.0,0.00025,0.6,0.1,0.5,1.0,91004,-0.08264234686589257,-0.09407081621493343,286.7701718379006,28,13.901312475142516,0
/Users/jayleenjiang/Documents/NLS/experiments/long_chain_ft_phase2_2026-08-29/raw/n20_dt_N1024/n20_k0p6_run2_summary.csv,controlled_exact,20,1024,60.0,2.0,0.00025,0.6,0.1,0.5,1.0,91004,-0.08334289540326235,-0.0846198941344844,286.7701718379006,17,8.341760672065679,0
/Users/jayleenjiang/Documents/NLS/experiments/long_chain_ft_phase2_2026-08-29/raw/n20_dt_N1024/n20_k0p6_run3_summary.csv,controlled_exact,20,1024,20.0,2.0,0.00025,0.6,0.1,0.5,1.0,91006,-0.0687300590010694,-0.0877924023380264,293.86680691709904,61,32.8418942620897,0
/Users/jayleenjiang/Documents/NLS/experiments/long_chain_ft_phase2_2026-08-29/raw/n20_dt_N1024/n20_k0p6_run3_summary.csv,controlled_exact,20,1024,40.0,2.0,0.00025,0.6,0.1,0.5,1.0,91006,-0.08227577353732274,-0.09582148807357607,278.5452746326505,33,11.598265640208831,0
/Users/jayleenjiang/Documents/NLS/experiments/long_chain_ft_phase2_2026-08-29/raw/n20_dt_N1024/n20_k0p6_run3_summary.csv,controlled_exact,20,1024,60.0,2.0,0.00025,0.6,0.1,0.5,1.0,91006,-0.08168783749467055,-0.08397180013794961,272.50218238246464,15,5.63514225217382,0
/Users/jayleenjiang/Documents/NLS/experiments/long_chain_ft_phase2_2026-08-29/raw/n20_dt_N1024/n20_k0p6_run4_summary.csv,controlled_exact,20,1024,20.0,2.0,0.00025,0.6,0.1,0.5,1.0,91008,-0.06990615481568388,-0.08523565630499137,300.25833375216064,69,26.31043308074472,0
/Users/jayleenjiang/Documents/NLS/experiments/long_chain_ft_phase2_2026-08-29/raw/n20_dt_N1024/n20_k0p6_run4_summary.csv,controlled_exact,20,1024,40.0,2.0,0.00025,0.6,0.1,0.5,1.0,91008,-0.08592193347743625,-0.10193771213918863,295.10373467562385,31,14.171861062305718,0
/Users/jayleenjiang/Documents/NLS/experiments/long_chain_ft_phase2_2026-08-29/raw/n20_dt_N1024/n20_k0p6_run4_summary.csv,controlled_exact,20,1024,60.0,2.0,0.00025,0.6,0.1,0.5,1.0,91008,-0.08960829610160399,-0.10830860190678325,291.1353355159789,22,13.367532699319241,0
/Users/jayleenjiang/Documents/NLS/experiments/long_chain_ft_phase2_2026-08-29/raw/n20_selection1_N1024/n20_k0p4_run1_summary.csv,controlled_exact,20,1024,20.0,1.0,0.0005,0.4,0.1,0.5,1.0,91101,-0.08492600749573143,-0.09267808066190453,733.913301676871,151,94.68809824814882,0
/Users/jayleenjiang/Documents/NLS/experiments/long_chain_ft_phase2_2026-08-29/raw/n20_selection1_N1024/n20_k0p4_run1_summary.csv,controlled_exact,20,1024,40.0,1.0,0.0005,0.4,0.1,0.5,1.0,91101,-0.08887640281186197,-0.09282679812799252,733.2992769355476,87,41.298779046868844,0
/Users/jayleenjiang/Documents/NLS/experiments/long_chain_ft_phase2_2026-08-29/raw/n20_selection1_N1024/n20_k0p4_run1_summary.csv,controlled_exact,20,1024,60.0,1.0,0.0005,0.4,0.1,0.5,1.0,91101,-0.08893577289615864,-0.09108293439835317,733.2992769355476,51,31.570301680014452,0
/Users/jayleenjiang/Documents/NLS/experiments/long_chain_ft_phase2_2026-08-29/raw/n20_selection1_N1024/n20_k0p4_run2_summary.csv,controlled_exact,20,1024,20.0,1.0,0.0005,0.4,0.1,0.5,1.0,91103,-0.07241637328535373,-0.07184948929597254,750.0678699335198,143,80.77152981050686,0
/Users/jayleenjiang/Documents/NLS/experiments/long_chain_ft_phase2_2026-08-29/raw/n20_selection1_N1024/n20_k0p4_run2_summary.csv,controlled_exact,20,1024,40.0,1.0,0.0005,0.4,0.1,0.5,1.0,91103,-0.08134624550792706,-0.0902761177305004,729.4507668243141,70,43.924932975871315,0
/Users/jayleenjiang/Documents/NLS/experiments/long_chain_ft_phase2_2026-08-29/raw/n20_selection1_N1024/n20_k0p4_run2_summary.csv,controlled_exact,20,1024,60.0,1.0,0.0005,0.4,0.1,0.5,1.0,91103,-0.08241711076621856,-0.08483284507046082,729.4507668243141,50,25.495428904882317,0
/Users/jayleenjiang/Documents/NLS/experiments/long_chain_ft_phase2_2026-08-29/raw/n20_selection1_N1024/n20_k0p4_run3_summary.csv,controlled_exact,20,1024,20.0,1.0,0.0005,0.4,0.1,0.5,1.0,91105,-0.08343015983012418,-0.07904616879658839,733.7707109514755,149,86.57331571994716,0
/Users/jayleenjiang/Documents/NLS/experiments/long_chain_ft_phase2_2026-08-29/raw/n20_selection1_N1024/n20_k0p4_run3_summary.csv,controlled_exact,20,1024,40.0,1.0,0.0005,0.4,0.1,0.5,1.0,91105,-0.08266781960614014,-0.08190547938215609,733.7707109514755,79,44.529301851537284,0
/Users/jayleenjiang/Documents/NLS/experiments/long_chain_ft_phase2_2026-08-29/raw/n20_selection1_N1024/n20_k0p4_run3_summary.csv,controlled_exact,20,1024,60.0,1.0,0.0005,0.4,0.1,0.5,1.0,91105,-0.08328968124104565,-0.0830394600916135,730.155857567167,51,29.487514060742406,0
/Users/jayleenjiang/Documents/NLS/experiments/long_chain_ft_phase2_2026-08-29/raw/n20_selection1_N1024/n20_k0p4_run4_summary.csv,controlled_exact,20,1024,20.0,1.0,0.0005,0.4,0.1,0.5,1.0,91107,-0.0828990128856062,-0.09197207210238076,733.4646784562342,138,65.3807207881282,0
/Users/jayleenjiang/Documents/NLS/experiments/long_chain_ft_phase2_2026-08-29/raw/n20_selection1_N1024/n20_k0p4_run4_summary.csv,controlled_exact,20,1024,40.0,1.0,0.0005,0.4,0.1,0.5,1.0,91107,-0.08575761912300459,-0.08861622536040299,733.4646784562342,66,38.36440801990341,0
/Users/jayleenjiang/Documents/NLS/experiments/long_chain_ft_phase2_2026-08-29/raw/n20_selection1_N1024/n20_k0p4_run4_summary.csv,controlled_exact,20,1024,60.0,1.0,0.0005,0.4,0.1,0.5,1.0,91107,-0.08584673189997767,-0.0853116686392175,733.4646784562342,49,24.4765639589169,0
/Users/jayleenjiang/Documents/NLS/experiments/long_chain_ft_phase2_2026-08-29/raw/n20_selection1_N1024/n20_k0p6_run1_summary.csv,controlled_exact,20,1024,20.0,1.0,0.0005,0.6,0.1,0.5,1.0,91102,-0.049625329251693405,-0.06090603416630609,511.86218488726496,89,50.38808265257088,0
/Users/jayleenjiang/Documents/NLS/experiments/long_chain_ft_phase2_2026-08-29/raw/n20_selection1_N1024/n20_k0p6_run1_summary.csv,controlled_exact,20,1024,40.0,1.0,0.0005,0.6,0.1,0.5,1.0,91102,-0.0699430091340167,-0.09026068901633999,487.7747568655601,38,16.90215674264161,0
/Users/jayleenjiang/Documents/NLS/experiments/long_chain_ft_phase2_2026-08-29/raw/n20_selection1_N1024/n20_k0p6_run1_summary.csv,controlled_exact,20,1024,60.0,1.0,0.0005,0.6,0.1,0.5,1.0,91102,-0.07599281118989183,-0.08594496741558967,487.7747568655601,25,11.879727188271815,0
/Users/jayleenjiang/Documents/NLS/experiments/long_chain_ft_phase2_2026-08-29/raw/n20_selection1_N1024/n20_k0p6_run2_summary.csv,controlled_exact,20,1024,20.0,1.0,0.0005,0.6,0.1,0.5,1.0,91104,-0.0769370203539053,-0.08423864981776745,518.9461513481901,81,43.32242604528177,0
/Users/jayleenjiang/Documents/NLS/experiments/long_chain_ft_phase2_2026-08-29/raw/n20_selection1_N1024/n20_k0p6_run2_summary.csv,controlled_exact,20,1024,40.0,1.0,0.0005,0.6,0.1,0.5,1.0,91104,-0.08600886869089197,-0.09508071702787864,475.83182598514514,42,21.205630156932536,0
/Users/jayleenjiang/Documents/NLS/experiments/long_chain_ft_phase2_2026-08-29/raw/n20_selection1_N1024/n20_k0p6_run2_summary.csv,controlled_exact,20,1024,60.0,1.0,0.0005,0.6,0.1,0.5,1.0,91104,-0.09316860035267537,-0.10296758126344434,475.83182598514514,24,9.378530669194856,0
/Users/jayleenjiang/Documents/NLS/experiments/long_chain_ft_phase2_2026-08-29/raw/n20_selection1_N1024/n20_k0p6_run3_summary.csv,controlled_exact,20,1024,20.0,1.0,0.0005,0.6,0.1,0.5,1.0,91106,-0.06886129853942088,-0.0943376494492961,526.3494972133535,73,37.14403117251151,0
/Users/jayleenjiang/Documents/NLS/experiments/long_chain_ft_phase2_2026-08-29/raw/n20_selection1_N1024/n20_k0p6_run3_summary.csv,controlled_exact,20,1024,40.0,1.0,0.0005,0.6,0.1,0.5,1.0,91106,-0.07196143166424662,-0.07506156478907236,524.9099761289239,35,14.772004958863969,0
/Users/jayleenjiang/Documents/NLS/experiments/long_chain_ft_phase2_2026-08-29/raw/n20_selection1_N1024/n20_k0p6_run3_summary.csv,controlled_exact,20,1024,60.0,1.0,0.0005,0.6,0.1,0.5,1.0,91106,-0.07337901562465073,-0.07255311197601587,522.8645529370268,22,5.2822326331167195,0
/Users/jayleenjiang/Documents/NLS/experiments/long_chain_ft_phase2_2026-08-29/raw/n20_selection1_N1024/n20_k0p6_run4_summary.csv,controlled_exact,20,1024,20.0,1.0,0.0005,0.6,0.1,0.5,1.0,91108,-0.0829191447817709,-0.0986444948426513,495.10277783535855,81,35.49441473156861,0
/Users/jayleenjiang/Documents/NLS/experiments/long_chain_ft_phase2_2026-08-29/raw/n20_selection1_N1024/n20_k0p6_run4_summary.csv,controlled_exact,20,1024,40.0,1.0,0.0005,0.6,0.1,0.5,1.0,91108,-0.08327959077489284,-0.08364003676801479,495.10277783535855,35,8.735221592802398,0
/Users/jayleenjiang/Documents/NLS/experiments/long_chain_ft_phase2_2026-08-29/raw/n20_selection1_N1024/n20_k0p6_run4_summary.csv,controlled_exact,20,1024,60.0,1.0,0.0005,0.6,0.1,0.5,1.0,91108,-0.08524646550701943,-0.08286538792329949,492.33323568578516,16,3.4123114171537168,0
