case,T_left,T_right,delta_beta,t,N_windows,mean_Q,std_Q,skew_Q,excess_kurtosis_Q,n_negative,dx,reliable_k_lo,reliable_k_hi,n_symmetric_pairs,resolved,a_fit,a_fit_wls_se,a_fit_intercept,a_fit_R2,bootstrap_resolved,bootstrap_total,a_bootstrap_mean,a_bootstrap_se,a_bootstrap_ci_low,a_bootstrap_ci_high,per_t_bootstrap_resolved,per_t_bootstrap_total,per_t_bootstrap_mean,per_t_bootstrap_se,per_t_bootstrap_ci_low,per_t_bootstrap_ci_high,per_t_ci_contains_reference,a_Gauss,gaussFT
dbeta_0p027972,6.5,5.5,0.02797202797202797,20,1000064,8.936787199053178,25.859938410640723,0.1347715521575651,0.3798324913992319,366513,1.2929969205320362,-74,96,74,1,0.027204963425473242,0.0001460981361862912,-0.0029595204714155834,0.9978325925789036,518,1000,nan,nan,nan,nan,1000,1000,0.027175462912836422,0.00017255388714485805,0.02685439419172576,0.027523209823558673,0,0.026727383177930192,1.0465681501930773
dbeta_0p027972,6.5,5.5,0.02797202797202797,40,499968,17.874162995050643,36.32767759095159,0.1019490102673415,0.20835966530369143,155995,1.8163838795475793,-65,87,65,1,0.02757986881033367,0.00016401238428076978,-0.0020047750313718932,0.9978692395795156,719,1000,nan,nan,nan,nan,1000,1000,0.027551472967539518,0.00017851947599001675,0.027199490799097486,0.027907146394677354,0,0.027088218291243277,1.032627087956922
dbeta_0p027972,6.5,5.5,0.02797202797202797,80,249984,35.748325990101286,51.29078458342509,0.07695995187439107,0.09946904135396917,60756,2.5645392291712548,-53,85,53,1,0.027805757740501213,0.00019763127569006461,-0.010524969559606889,0.9979230697946011,870,1000,0.027757156440753373,0.00020741492748749062,0.02735823124640081,0.028176303454268983,1000,1000,0.02775612123410799,0.00020737780039902035,0.027353183853071217,0.028175875416377436,1,0.027177344557596107,1.0292406571491086
dbeta_0p027972,6.5,5.5,0.02797202797202797,160,124928,71.49735971887642,72.62658411166483,0.051243395309378215,0.03882319099180842,20136,3.631329205583241,-43,88,43,1,0.02706173872878414,0.00026340002599518393,0.024531478090158088,0.9951308499540695,998,1000,0.02701096719704526,0.000273182322820867,0.02645242876343424,0.02753536229393074,1000,1000,0.027020764732277346,0.0002696369094356462,0.026470999642898427,0.02753841347673504,0,0.02710995293043688,1.0317992083499055
dbeta_0p027972,6.5,5.5,0.02797202797202797,320,62464,142.99471943775285,102.61714120242816,0.04327303411888318,0.01088015132949538,5109,5.130857060121408,-34,89,34,1,0.02777637440712455,0.00044103314241454155,-0.0301334731782182,0.9943779201948111,218,1000,nan,nan,nan,nan,1000,1000,0.027640316809726066,0.00047262575097721017,0.026728954587878568,0.02856371475357001,1,0.027158774713928257,1.0299444016405732
dbeta_0p027972,6.5,5.5,0.02797202797202797,640,31232,285.9894388755057,145.95394996002105,0.050514322065154785,0.010284750842262103,764,7.297697498001052,-17,95,17,1,0.030356440311276107,0.0014314154717288182,-0.19165746552642612,0.9703984997738658,192,1000,nan,nan,nan,nan,1000,1000,0.030284996117049445,0.0019527803638992786,0.026750429274043055,0.03419060448262978,1,0.026850247028398833,1.0417791665917508
dbeta_0p057143,7.0,5.0,0.05714285714285716,20,1000064,17.737272166972637,26.227922341979344,0.2517927361926007,0.4064378661855619,248420,1.3113961170989672,-62,106,62,1,0.054865601168115265,0.00019402507313530273,-0.005386250691673657,0.9992944204783977,886,1000,0.054835226079384396,0.00020418765276069848,0.05445950205319485,0.055230731796418124,1000,1000,0.05483087261318762,0.00020321052437016505,0.05445267435868439,0.05522661666549201,0,0.05156904009240032,1.1080845608231178
dbeta_0p057143,7.0,5.0,0.05714285714285716,40,499968,35.47515978478904,36.81191794511152,0.18691400776640427,0.2166836382077717,82050,1.8405958972555758,-52,104,52,1,0.05601807400455448,0.00026060083042239973,-0.005962611379260153,0.9990934677892402,433,1000,nan,nan,nan,nan,1000,1000,0.05595188818503799,0.0002552158166848585,0.05544284883635857,0.05645095863293039,0,0.0523573268698599,1.0914013483708258
dbeta_0p057143,7.0,5.0,0.05714285714285716,80,249984,70.95031956957808,51.937452726384365,0.14011413012403984,0.0936046539006683,20447,2.596872636319218,-39,103,39,1,0.056514227321113074,0.0004257512204136238,-0.009673888225116077,0.9985958484893029,791,1000,nan,nan,nan,nan,1000,1000,0.05640210769480208,0.00048226928773640595,0.05552299827012736,0.05736739669892579,1,0.05260451972922732,1.0862727658571953
dbeta_0p057143,7.0,5.0,0.05714285714285716,160,124928,141.8965500616533,73.35194092870061,0.09514481927560195,0.04088308273283392,2997,3.6675970464350307,-25,109,25,1,0.056143494897030605,0.001033692186533341,0.002088083831942636,0.9928411622374399,625,1000,nan,nan,nan,nan,1000,1000,0.05581617416196382,0.0010339255018348404,0.05384569736859713,0.05789731492731176,1,0.05274467398140624,1.0833862991171657
dbeta_0p057143,7.0,5.0,0.05714285714285716,320,62464,283.79310012330654,103.2913371964511,0.07365586635646074,0.03482267160627339,150,5.164566859822555,-4,118,4,1,0.05978096005457285,0.0262913406304659,-0.13778238943906065,0.6020311618560733,520,1000,nan,nan,nan,nan,976,1000,0.03918755341519748,0.03148494075892347,-0.03269095263726967,0.09235258999834983,1,0.05319906854073187,1.0741326626631766
dbeta_0p057143,7.0,5.0,0.05714285714285716,640,31232,567.5862002466132,145.5178783380953,0.037748317688400604,0.012986404072586222,1,7.275893916904765,,,0,0,nan,nan,nan,nan,0,1000,nan,nan,nan,nan,0,1000,nan,nan,nan,nan,,0.05360793957962474,1.0659401870497551
dbeta_0p125000,8.0,4.0,0.125,20,1000064,34.89921622516131,27.717072148184013,0.45292601084866285,0.5303448057372795,88761,1.3858536074092007,-45,125,45,1,0.11336899308909201,0.0004146961174371734,0.010978564208408004,0.9994925154595129,306,1000,nan,nan,nan,nan,1000,1000,0.11330537159933095,0.00037935573178949863,0.11253965193551731,0.11406229229871645,0,0.09085544599908872,1.3758118583365246
dbeta_0p125000,8.0,4.0,0.125,40,499968,69.7973432965141,38.89329032986205,0.3447314797280871,0.2789014258616782,12744,1.9446645164931025,-30,123,30,1,0.11966113186895713,0.0009688252241775599,-0.001674357961561798,0.99750257850243,276,1000,nan,nan,nan,nan,1000,1000,0.11946343942088967,0.0009742682781183483,0.1175731444630493,0.12131509095079158,0,0.09228253518039647,1.3545358258271354
dbeta_0p125000,8.0,4.0,0.125,80,249984,139.5946865930282,54.75240802228261,0.2519521070558599,0.15533928882838222,661,2.7376204011141305,-13,127,13,1,0.1246027986997101,0.005335582819649612,-0.08131650921670236,0.9866061867910744,328,1000,nan,nan,nan,nan,1000,1000,0.12252658490845786,0.005763543642932105,0.11161536519231023,0.13422165606137199,1,0.09313060732271033,1.342201061428257
dbeta_0p125000,8.0,4.0,0.125,160,124928,279.19027376941403,77.25011375535314,0.1806440356092923,0.08078030994979857,2,3.862505687767657,,,0,0,nan,nan,nan,nan,0,1000,nan,nan,nan,nan,0,1000,nan,nan,nan,nan,,0.09356900795649745,1.335912421537221
dbeta_0p125000,8.0,4.0,0.125,320,62464,558.3805475388281,109.02951086941945,0.13234344091497374,0.07774204310193866,0,5.4514755434709725,,,0,0,nan,nan,nan,nan,0,1000,nan,nan,nan,nan,0,1000,nan,nan,nan,nan,,0.09394467069100214,1.3305704206590219
dbeta_0p125000,8.0,4.0,0.125,640,31232,1116.7610950776561,153.43231364064212,0.1020125534895771,0.04040047377033673,0,7.671615682032106,,,0,0,nan,nan,nan,nan,0,1000,nan,nan,nan,nan,0,1000,nan,nan,nan,nan,,0.0948760518435083,1.3175084499319085
dbeta_0p222222,9.0,3.0,0.2222222222222222,20,1000064,50.828201771898556,29.966002014463974,0.5613633212461678,0.5939638054965877,24798,1.4983001007231986,-28,136,28,1,0.17618319216250697,0.0010224266280008778,0.015103942823138426,0.9994002621094296,851,1000,0.17597080068381038,0.0010052503083463422,0.1740688961741566,0.1778150741504523,1000,1000,0.17598621830784372,0.0010129695168830562,0.17405154782848703,0.17782091428104993,0,0.11320800370578343,1.9629550468865797
dbeta_0p222222,9.0,3.0,0.2222222222222222,40,499968,101.65756168339865,42.1593280532486,0.4311179714151364,0.3266610538133503,985,2.10796640266243,-14,139,14,1,0.191477273152547,0.005595368693798065,0.051595007508262174,0.990120035582623,381,1000,nan,nan,nan,nan,1000,1000,0.19131210178034785,0.007666254987178558,0.177235790955672,0.20773658288410873,0,0.1143884890942965,1.9426974163373436
dbeta_0p222222,9.0,3.0,0.2222222222222222,80,249984,203.3151233667973,59.35161599483431,0.3232561135300114,0.16067575908869802,3,2.9675807997417154,,,0,0,nan,nan,nan,nan,0,1000,nan,nan,nan,nan,0,1000,nan,nan,nan,nan,,0.11543422289706498,1.9250982650126403
dbeta_0p222222,9.0,3.0,0.2222222222222222,160,124928,406.6253754462419,83.92479193915875,0.23233008694470103,0.08886652556164698,0,4.196239596957938,,,0,0,nan,nan,nan,nan,0,1000,nan,nan,nan,nan,0,1000,nan,nan,nan,nan,,0.1154632895664526,1.9246136417612338
dbeta_0p222222,9.0,3.0,0.2222222222222222,320,62464,813.2507508924838,119.07865502699757,0.17144043092873504,0.06881050916946085,0,5.953932751349878,,,0,0,nan,nan,nan,nan,0,1000,nan,nan,nan,nan,0,1000,nan,nan,nan,nan,,0.11470612988289904,1.9373177566803446
dbeta_0p222222,9.0,3.0,0.2222222222222222,640,31232,1626.5015017849676,168.54503704905255,0.09836169450361469,0.01093360250487807,0,8.427251852452628,,,0,0,nan,nan,nan,nan,0,1000,nan,nan,nan,nan,0,1000,nan,nan,nan,nan,,0.11451240253828841,1.9405952307036776
dbeta_0p400000,10.0,2.0,0.4,20,1000064,64.24241805191502,32.685686666643996,0.6005528806961791,0.6212700365015995,7941,1.6342843333321997,-20,138,20,1,0.21573154250084392,0.0020884586162063117,0.05114534202738336,0.9984729296502616,640,1000,nan,nan,nan,nan,1000,1000,0.21521360817665752,0.0020201207989608114,0.21133510146972873,0.21919509698774695,0,0.120264278066631,3.3260084077367074
dbeta_0p400000,10.0,2.0,0.4,40,499968,128.48494804396555,45.934176777894145,0.4603259876653559,0.3522652222654883,80,2.2967088388947072,-2,147,2,0,nan,nan,nan,nan,0,1000,nan,nan,nan,nan,0,1000,nan,nan,nan,nan,,0.12178964764500887,3.284351402065927
dbeta_0p400000,10.0,2.0,0.4,80,249984,256.96989608793103,64.71624362647975,0.3377375055780593,0.18533325630517083,0,3.2358121813239875,,,0,0,nan,nan,nan,nan,0,1000,nan,nan,nan,nan,0,1000,nan,nan,nan,nan,,0.12271160657591922,3.2596753572167443
dbeta_0p400000,10.0,2.0,0.4,160,124928,513.947568710835,91.22789080335846,0.23610935471253575,0.08361596810959115,0,4.561394540167923,,,0,0,nan,nan,nan,nan,0,1000,nan,nan,nan,nan,0,1000,nan,nan,nan,nan,,0.12350756043814697,3.2386681315782404
dbeta_0p400000,10.0,2.0,0.4,320,62464,1027.89513742167,128.65321336975506,0.16342145320925255,0.024029920130284932,0,6.432660668487753,,,0,0,nan,nan,nan,nan,0,1000,nan,nan,nan,nan,0,1000,nan,nan,nan,nan,,0.12420455727974603,3.2204937464498964
dbeta_0p400000,10.0,2.0,0.4,640,31232,2055.7902748433394,182.20584713791067,0.10608141463048312,0.016505292264190174,0,9.110292356895533,,,0,0,nan,nan,nan,nan,0,1000,nan,nan,nan,nan,0,1000,nan,nan,nan,nan,,0.1238466271430896,3.2298013214187016
dbeta_0p000000,6.0,6.0,0.0,20,1000064,0.030611938160363363,25.72828103919953,-0.0027179951497128163,0.37828011673050854,499786,1.2864140519599765,-85,85,85,1,0.0001630124232864755,0.00012820858603343677,-0.002397268739404307,0.021354029726014856,818,1000,0.00017348438166326228,0.00013608338181565326,-8.979583321258201e-05,0.000418259395715775,1000,1000,0.00016835179309846292,0.00013470560955426036,-9.370404115716493e-05,0.00041582965764320085,1,9.249095866234768e-05,nan
dbeta_0p000000,6.0,6.0,0.0,40,499968,0.06095314336108756,36.110661683551164,-0.006828848045177584,0.20635221352679078,249282,1.8055330841775583,-78,76,76,1,-1.1067792118875444e-05,0.00013110639363309194,0.004959653755677883,0.00010246864674234857,542,1000,nan,nan,nan,nan,1000,1000,-8.950733035638661e-06,0.0001366979194397053,-0.00028364218610702044,0.0002488823188692237,1,9.348785814611578e-05,nan
dbeta_0p000000,6.0,6.0,0.0,80,249984,0.12190628672217514,50.883761537303734,-0.0029387554290639527,0.11902424409273094,124666,2.5441880768651868,-71,73,71,1,3.89543721509715e-05,0.0001328501124826916,0.003999427984943898,0.0010327858834333625,398,1000,nan,nan,nan,nan,1000,1000,3.9372226132919175e-05,0.00012564754118974522,-0.00021867433731323144,0.0002789069262667737,1,9.41667715490248e-05,nan
dbeta_0p000000,6.0,6.0,0.0,160,124928,0.2378684883838777,71.82083216876076,-0.00032657791290917907,0.06122800750445245,62425,3.591041608438038,-66,67,66,1,0.00022666363230172484,0.00013418150169795839,-0.010718223803932274,0.055104015533052,343,1000,nan,nan,nan,nan,1000,1000,0.0002200973923598219,0.00013700652279287635,-3.909242793362845e-05,0.0004921977696021274,1,9.222869054919584e-05,nan
dbeta_0p000000,6.0,6.0,0.0,320,62464,0.47573697676775545,101.31934575421442,-0.010331067885679916,0.02830632014216805,31032,5.065967287710722,-59,61,59,1,-2.8240725630465003e-06,0.00013665653912823373,0.013016183165525873,6.707636571845477e-06,615,1000,nan,nan,nan,nan,1000,1000,-8.016679165060353e-06,0.00012670421001019627,-0.0002676606295447447,0.00023607364015048172,1,9.268557541562763e-05,nan
dbeta_0p000000,6.0,6.0,0.0,640,31232,0.9514739535355105,143.23400390914387,0.00885713511947861,-0.012999204567004874,15544,7.161700195457193,-54,57,54,1,0.00012068949796971872,0.00014039931545659515,-0.0069734279244069095,0.012416278038734352,692,1000,nan,nan,nan,nan,1000,1000,0.00013172942549087132,0.000133707781954644,-0.0001293062732957583,0.0003996339336832816,1,9.27544245308769e-05,nan
